"wouldvote","peacefactor","peace_formerenemies","peace_jjindiv","peace_jjtribes","gos_soldier_execute","directlyharmed","age","farmer_dar","herder_dar","pastvoted","hhsize_darfur","village","female"
0,1,1,1,1,0,0,30,0,0,1,23,"Abdel Khair",0
0,0.706830720721758,0,1,1,0,0,20,1,0,1,5,"Abdi Dar",1
1,0,0,0,0,1,0,45,1,0,0,15,"Abu Sorog",0
1,0.495177711644244,1,0,0,0,1,55,0,0,0,9,"Abu Dejaj",0
0,0,0,0,0,1,1,25,1,0,1,7,"Abu Dejaj",1
0,0,0,0,0,1,0,33,1,1,0,6,"Abu Dejaj",1
0,0,0,0,0,1,1,25,0,0,0,12,"Abu Gamra",0
0,0.797991567633998,1,1,1,1,0,25,0,0,1,5,"Abu Gamra",1
0,0,0,0,0,1,0,60,1,0,1,6,"Abu Gamra",1
0,0,0,0,0,1,1,30,1,0,0,15,"Abu Gamra",1
0,0.202008432366002,0,0,0,0,0,35,1,0,1,8,"Abu Gamra",0
0,0,0,0,0,1,0,30,1,0,0,17,"Abu Gamra",1
0,0,0,0,0,1,0,35,1,1,1,8,"Abu Gamra",0
0,0.202008432366002,0,0,0,0,1,37,1,0,1,3,"Abu Gamra",1
0,0.592909987627917,1,0,1,1,0,50,1,0,1,10,"Abu Gamra",1
0,0.592909987627917,1,0,1,1,0,40,1,0,1,5,"Abu Gamra",0
0,0.293169279278242,1,0,0,1,0,55,1,1,0,4,"Abu Gamra",1
0,0,0,0,0,1,0,20,1,0,1,7,"Abu Gamra",0
0,0.202008432366002,0,0,0,0,0,22,1,0,1,8,"Abu Gamra",1
0,0,0,0,0,1,0,32,0,0,0,6,"Abu Gamra",1
0,0.592909987627917,1,0,1,1,0,18,0,0,1,17,"Abu Gamra",1
1,0.794918419993918,1,0,1,0,1,19,0,0,1,2,"Abu Gamra",0
0,0.202008432366002,0,0,0,0,0,74,1,0,1,60,"Abu Gamra",0
0,0,0,0,0,1,0,24,0,0,1,5,"Abu Gamra",1
0,0.293169279278242,1,0,0,1,0,18,1,0,1,4,"Abu Gamra",1
0,0,0,0,0,1,0,40,1,1,1,3,"Abu Gamra",1
0,0.797991567633998,1,1,1,1,0,39,0,0,0,16,"Abu Gamra",0
1,0.293169279278242,1,0,0,1,1,38,1,0,1,7,"Abu Gamra",0
0,0.592909987627917,1,0,1,1,0,90,1,0,1,13,"Abu Gamra",0
0,0,0,0,0,1,0,49,1,0,1,9,"Abu Gamra",1
0,0,0,0,0,1,0,70,1,1,1,9,"Abu Gamra",0
1,0.794918419993918,1,0,1,0,1,32,0,0,0,8,"Abu Gamra",0
0,0.592909987627917,1,0,1,1,0,23,0,0,1,18,"Abu Gamra",1
0,0,0,0,0,1,1,29,1,0,1,7,"Abu Gamra",0
0,0,0,0,0,1,0,37,1,1,1,13,"Abu Gamra",0
0,0.299740708349675,0,0,1,1,1,50,1,0,0,19,"Abu Gamra",0
0,0,0,0,0,1,0,80,1,0,1,8,"Abu Gamra",1
1,0.794918419993918,1,0,1,0,0,34,1,0,0,4,"Abu Gamra",0
0,0.794918419993918,1,0,1,0,0,30,1,0,1,8,"Abu Gamra",1
1,1,1,1,1,0,1,65,1,1,1,7,"Abu Gamra",0
0,0.202008432366002,0,0,0,0,0,71,1,1,1,7,"Abu Gamra",1
1,1,1,1,1,0,0,53,1,0,1,7,"Abu Gamra",0
0,0,0,0,0,1,1,39,1,1,1,8,"Abu Gamra",0
0,0,0,0,0,1,0,40,1,0,0,50,"Abu Gamra",1
0,0.495177711644244,1,0,0,0,0,50,1,0,0,7,"Abu Gamra",0
1,0.794918419993918,1,0,1,0,0,65,1,0,0,10,"Abu Gamra",0
0,0.293169279278242,1,0,0,1,0,32,1,0,1,3,"Abu Gamra",0
0,0.592909987627917,1,0,1,1,1,36,1,0,0,7,"Abu Gamra",0
0,1,1,1,1,0,0,40,1,0,1,11,"Abu Gamra",0
0,0,0,0,0,1,1,72,1,0,1,3,"Abu Gamra",0
1,0,0,0,0,1,1,55,1,0,1,16,"Abu Gamra",0
1,1,1,1,1,0,1,19,0,0,1,11,"Abu Gamra",0
0,0.794918419993918,1,0,1,0,0,77,1,0,1,50,"Abu Gamra",0
0,0,0,0,0,1,0,85,1,0,0,30,"Abu Gamra",0
0,0,0,0,0,1,1,40,1,0,0,8,"Abu Gawar",0
0,0,0,0,0,1,0,57,1,0,0,17,"Abu Geran",0
0,0,0,0,0,1,1,40,1,1,1,10,"Abu Geran",1
1,0.797991567633998,1,1,1,1,0,45,1,0,0,7,"Abu Jidad",0
0,0.202008432366002,0,0,0,0,1,76,1,1,0,19,"Abu Jidad",0
1,0,0,0,0,1,0,29,0,0,1,6,"Abu Lihya",1
0,1,1,1,1,0,1,42,1,1,1,25,"Abu Lihya",0
1,0.202008432366002,0,0,0,0,0,54,0,1,1,12,"Abu Lihya",0
0,0,0,0,0,1,0,21,1,0,1,15,"Abu Lihya",1
0,0,0,0,0,1,0,43,1,0,0,12,"Abu Mugu",0
0,0.202008432366002,0,0,0,0,0,60,1,0,0,8,"Abu Shouka",0
0,0.706830720721758,0,1,1,0,0,53,1,0,1,8,"Abu Sorog",0
0,0.202008432366002,0,0,0,0,1,35,0,0,1,8,"Abu Sorog",1
1,0.202008432366002,0,0,0,0,0,60,1,0,1,15,"Abune",0
0,0,0,0,0,1,0,27,0,0,1,3,"Adar",0
0,0.202008432366002,0,0,0,0,0,28,1,1,1,7,"Adar",1
1,1,1,1,1,0,0,35,1,0,1,17,"Adar",0
0,1,1,1,1,0,1,67,1,0,0,9,"Adar",0
0,0,0,0,0,1,0,29,0,0,1,3,"Adar",1
1,0.293169279278242,1,0,0,1,0,84,1,1,1,24,"Adar",0
0,0,0,0,0,1,1,65,1,1,1,14,"Adar",1
0,0,0,0,0,1,0,24,0,0,0,19,"Adar",1
1,1,1,1,1,0,1,39,0,0,0,6,"Adar",0
0,0,0,0,0,1,1,38,1,1,1,10,"Adar",1
1,0.293169279278242,1,0,0,1,1,24,1,1,1,12,"Adar",0
1,1,1,1,1,0,1,40,0,0,0,26,"Adar",0
1,0.299740708349675,0,0,1,1,0,28,1,0,1,6,"Adar",0
0,1,1,1,1,0,0,62,1,0,0,13,"Adar",0
1,0.706830720721758,0,1,1,0,1,30,0,0,1,12,"Adar",0
1,0.202008432366002,0,0,0,0,1,58,1,0,1,16,"Adar",0
1,0.498250859284323,1,1,0,1,0,40,1,0,1,7,"Adar",0
0,0.797991567633998,1,1,1,1,0,25,1,0,0,1,"Adar",0
0,0,0,0,0,1,0,70,1,0,1,8,"Adar",1
0,0.299740708349675,0,0,1,1,1,27,0,0,1,10,"Adar",0
1,0.299740708349675,0,0,1,1,1,37,1,1,0,6,"Adar",0
1,0.293169279278242,1,0,0,1,0,20,1,1,1,12,"Adar",0
0,0.202008432366002,0,0,0,0,1,35,1,0,1,20,"Adar",1
0,0.202008432366002,0,0,0,0,0,40,1,0,0,11,"Adar",1
0,0,0,0,0,1,1,39,0,1,1,9,"Adar",1
0,0.202008432366002,0,0,0,0,1,66,1,0,0,13,"Adar",0
0,0.592909987627917,1,0,1,1,0,28,1,0,1,10,"Adar",1
0,0,0,0,0,1,0,50,1,0,1,4,"Adar",1
1,0.797991567633998,1,1,1,1,1,55,1,0,0,14,"Adar",0
1,0.592909987627917,1,0,1,1,1,30,1,0,1,8,"Adar",0
0,0.495177711644244,1,0,0,0,0,39,1,0,0,10,"Agadier",0
1,0,0,0,0,1,1,21,1,1,1,9,"Agudna",1
0,0,0,0,0,1,0,19,1,0,1,7,"Agumi",1
0,0.797991567633998,1,1,1,1,1,18,0,0,1,7,"Aid Alkhair",0
0,0.299740708349675,0,0,1,1,0,85,1,1,1,5,"Aid Alkhair",1
0,0.592909987627917,1,0,1,1,0,42,0,0,1,25,"Aid Alkhair",0
1,0,0,0,0,1,1,50,1,0,0,9,"Airgy",0
0,1,1,1,1,0,1,35,1,1,1,15,"Aish Barra",1
1,0.202008432366002,0,0,0,0,1,38,1,0,1,4,"Aish Barra",0
0,0,0,0,0,1,0,20,1,0,1,8,"Aish Barra",1
0,0,0,0,0,1,0,41,1,1,0,7,"Aish Barra",1
0,0.794918419993918,1,0,1,0,0,26,1,0,1,7,"Aish Barra",0
0,0,0,0,0,1,0,21,1,0,1,3,"Ajayana",0
0,0.794918419993918,1,0,1,0,0,28,1,0,1,3,"Ajiji",0
0,0,0,0,0,1,0,35,1,0,1,6,"Akomi",1
0,0.706830720721758,0,1,1,0,1,23,0,0,1,14,"Al Gedisa",1
1,1,1,1,1,0,1,44,0,0,0,18,"Al Geneina",0
0,0,0,0,0,1,0,47,1,0,1,16,"Al Geneina",1
1,0,0,0,0,1,0,40,1,0,1,5,"Allah Forga",1
0,0.202008432366002,0,0,0,0,1,20,1,0,1,8,"Almetrabia",0
0,0,0,0,0,1,0,38,0,0,0,15,"Am Baro",1
0,0,0,0,0,1,0,35,1,0,1,5,"Am Baro",1
0,0.293169279278242,1,0,0,1,0,80,1,1,1,7,"Am Baro",1
1,1,1,1,1,0,0,60,1,1,0,15,"Am Baro",0
1,0.794918419993918,1,0,1,0,1,23,0,0,1,11,"Am Dalal",0
1,0.501749140715677,0,0,1,0,1,57,1,0,1,11,"Am Dalal",0
1,0.794918419993918,1,0,1,0,1,46,1,0,1,5,"Am Dalal",0
1,0.495177711644244,1,0,0,0,0,55,1,1,0,10,"Am Dariro",0
0,0,0,0,0,1,0,35,1,0,1,8,"Am Dukhn",1
1,1,1,1,1,0,1,40,1,0,1,20,"Am Jarad",0
1,0.495177711644244,1,0,0,0,0,50,1,0,0,10,"Am Jemma",0
0,0,0,0,0,1,1,40,1,0,0,21,"Am Kharouba",1
0,0,0,0,0,1,1,28,1,0,1,7,"Amar",1
1,0,0,0,0,1,0,50,1,0,1,8,"Amdukhn",1
1,0.794918419993918,1,0,1,0,0,50,1,0,0,4,"Andabook",0
0,0.202008432366002,0,0,0,0,1,25,1,0,1,10,"Anderola",1
0,1,1,1,1,0,1,60,1,1,1,3,"Andita",1
0,0,0,0,0,1,0,35,1,0,1,7,"Andita",0
0,0.797991567633998,1,1,1,1,0,37,1,0,0,5,"Anjilati",0
0,0.592909987627917,1,0,1,1,1,48,1,0,0,10,"Anjokati",0
0,0.202008432366002,0,0,0,0,0,20,1,0,1,9,"Aorda",1
0,0,0,0,0,1,0,35,1,1,0,4,"Aradeeba",1
1,0,0,0,0,1,0,46,1,0,0,30,"Arara",0
0,0,0,0,0,1,0,18,1,0,0,6,"Arara",1
0,0.299740708349675,0,0,1,1,0,35,1,0,1,8,"Arara",1
0,0.797991567633998,1,1,1,1,0,25,1,0,1,2,"Arara",0
0,0.706830720721758,0,1,1,0,0,45,1,0,1,16,"Arara",0
0,0.293169279278242,1,0,0,1,0,23,0,0,0,13,"Arara",1
1,0.495177711644244,1,0,0,0,1,63,1,1,0,10,"Argote",0
0,1,1,1,1,0,1,90,1,1,0,15,"Argoy",0
0,0,0,0,0,1,0,45,1,0,1,12,"Arimba",1
0,0.202008432366002,0,0,0,0,1,33,1,0,0,8,"Armi",1
0,0,0,0,0,1,1,20,1,0,1,9,"Arola",1
1,0,0,0,0,1,1,90,0,0,0,15,"Aroom",0
0,0,0,0,0,1,1,27,1,0,1,3,"Aroom",1
1,0,0,0,0,1,0,24,1,0,1,7,"Aroom",1
0,0,0,0,0,1,0,25,1,0,1,20,"Aroom",1
0,0,0,0,0,1,1,35,1,0,1,8,"Aroom",1
0,0,0,0,0,1,1,35,1,1,1,7,"Aroom",1
0,0,0,0,0,1,1,18,1,0,1,12,"Aroom",1
0,0,0,0,0,1,1,27,1,0,1,5,"Aroom",1
0,0,0,0,0,1,1,27,1,0,0,23,"Aroom",1
0,0.202008432366002,0,0,0,0,1,18,1,0,1,6,"Aroom",1
0,0,0,0,0,1,1,53,1,0,0,10,"Aroom",0
1,1,1,1,1,0,0,40,1,0,0,5,"Arsa",0
1,0.495177711644244,1,0,0,0,0,58,1,0,0,14,"Arsaliya",0
0,0,0,0,0,1,0,28,1,0,1,4,"Asirni",1
0,1,1,1,1,0,0,35,1,0,1,8,"Asirni",0
0,0,0,0,0,1,1,27,0,0,1,12,"Asirni",1
0,0,0,0,0,1,1,100,1,0,1,5,"Asirni",1
0,0.794918419993918,1,0,1,0,1,19,0,1,1,5,"Ata",0
0,0.293169279278242,1,0,0,1,1,45,1,0,0,3,"Aurab",1
0,0.495177711644244,1,0,0,0,0,22,1,0,1,9,"AwSanga",1
1,0.202008432366002,0,0,0,0,1,27,0,0,0,28,"Awrish",0
1,0.202008432366002,0,0,0,0,0,30,1,0,1,13,"Badaria",0
0,0,0,0,0,1,1,40,1,1,1,10,"Bajourba",1
0,0.293169279278242,1,0,0,1,1,50,1,0,0,10,"Bakjo",0
1,0.293169279278242,1,0,0,1,0,66,1,0,0,5,"Baldi",0
0,0.202008432366002,0,0,0,0,1,35,1,0,1,5,"Bandis",1
0,0,0,0,0,1,0,18,0,0,1,7,"Bandis",0
0,0,0,0,0,1,0,60,1,0,1,22,"Bandis",1
0,0,0,0,0,1,1,55,0,1,1,10,"Bandis",1
0,0.202008432366002,0,0,0,0,1,22,1,0,1,6,"Bandis",1
1,0,0,0,0,1,0,47,1,0,1,6,"Bandis",0
0,0.202008432366002,0,0,0,0,1,28,1,0,1,18,"Bandis",1
1,0.202008432366002,0,0,0,0,0,35,1,0,0,22,"Bandis",1
0,0,0,0,0,1,1,33,1,0,1,20,"Bandis",1
0,0.501749140715677,0,0,1,0,1,20,1,0,1,10,"Bandis",1
1,0.501749140715677,0,0,1,0,0,26,1,0,1,2,"Bango",0
0,0.202008432366002,0,0,0,0,1,77,1,0,0,20,"Baranga",0
1,0.495177711644244,1,0,0,0,1,40,1,0,0,34,"Baranga",0
0,0.202008432366002,0,0,0,0,0,85,1,0,0,7,"Bardia",0
1,1,1,1,1,0,0,55,1,0,0,10,"Bardia",0
1,0,0,0,0,1,1,30,1,0,1,8,"Bardia",0
0,0,0,0,0,1,0,35,1,0,0,3,"Bare",1
1,0.501749140715677,0,0,1,0,1,21,1,0,0,8,"Barkhalla",0
0,0.794918419993918,1,0,1,0,0,40,1,1,0,16,"Basaw",1
1,0,0,0,0,1,0,27,1,0,0,3,"Beero",1
1,0.797991567633998,1,1,1,1,0,26,0,0,1,9,"Beida",0
0,0,0,0,0,1,0,30,1,0,1,10,"Beida",1
0,0.293169279278242,1,0,0,1,0,40,1,0,0,8,"Beida",1
1,0,0,0,0,1,0,27,0,1,1,7,"Beida",1
1,0.794918419993918,1,0,1,0,1,25,1,0,1,5,"Beida",0
0,0,0,0,0,1,0,18,0,0,1,7,"Beida",0
0,0.495177711644244,1,0,0,0,0,20,1,0,1,5,"Beida",1
0,0,0,0,0,1,0,70,1,0,0,11,"Beida",1
1,1,1,1,1,0,1,19,1,0,0,8,"Beida",0
0,1,1,1,1,0,0,34,0,0,0,3,"Beida",0
0,0,0,0,0,1,0,20,1,0,1,5,"Beida",1
1,0.592909987627917,1,0,1,1,0,48,1,0,0,6,"Beida",0
0,1,1,1,1,0,0,43,1,0,0,13,"Beida",0
0,1,1,1,1,0,0,26,1,0,0,3,"Beida",0
0,0.299740708349675,0,0,1,1,1,31,1,0,0,3,"Beida",1
1,0.501749140715677,0,0,1,0,0,27,1,0,1,4,"Beir Saliba",1
1,0.293169279278242,1,0,0,1,0,25,1,0,0,9,"Beir Saliba",1
0,0.794918419993918,1,0,1,0,0,57,0,0,1,14,"Beir Saliba",0
1,0,0,0,0,1,1,38,1,0,0,10,"Beir Saliba",0
0,0.202008432366002,0,0,0,0,0,27,1,0,1,5,"Beir Saliba",1
0,0.293169279278242,1,0,0,1,0,37,0,0,0,6,"Beir Saliba",0
0,0.202008432366002,0,0,0,0,0,18,0,0,1,10,"Beir Saliba",0
1,0,0,0,0,1,0,52,1,0,0,15,"Beir Saliba",0
1,0.495177711644244,1,0,0,0,1,43,1,1,1,8,"Beir Saliba",0
0,0.202008432366002,0,0,0,0,0,46,1,0,0,11,"Beir Saliba",0
0,0.797991567633998,1,1,1,1,0,43,1,0,1,7,"Beir Saliba",0
0,0.592909987627917,1,0,1,1,0,20,1,0,1,7,"Beir Saliba",1
0,0.592909987627917,1,0,1,1,0,67,1,0,1,8,"Beir Saliba",1
1,0.495177711644244,1,0,0,0,0,33,1,0,0,5,"Berdia",0
1,0.293169279278242,1,0,0,1,1,19,0,0,1,5,"Bireiga",0
1,0.202008432366002,0,0,0,0,1,20,1,0,1,5,"Bertabid",1
1,1,1,1,1,0,0,26,1,0,1,8,"Bida Alginina",0
0,0,0,0,0,1,0,35,1,0,0,8,"Bidigy",1
1,0.592909987627917,1,0,1,1,1,53,1,1,1,13,"Bidt Faraga",0
0,0.797991567633998,1,1,1,1,0,59,1,0,1,33,"Bier Saliba",0
1,0,0,0,0,1,0,37,1,0,1,15,"Biera",0
0,0,0,0,0,1,1,25,1,0,1,10,"Bigaga",1
0,0.202008432366002,0,0,0,0,0,53,1,0,0,10,"Binary Mbila",0
1,0.794918419993918,1,0,1,0,1,51,1,0,1,40,"Bindis",0
1,0.293169279278242,1,0,0,1,0,40,0,0,0,13,"Bindis",0
1,0.293169279278242,1,0,0,1,0,59,1,1,1,6,"Bindis",0
1,0,0,0,0,1,1,35,1,0,1,16,"Bindis",0
0,0,0,0,0,1,1,37,1,0,1,12,"Bindis",1
0,0.293169279278242,1,0,0,1,0,40,0,0,0,5,"Bindis",0
0,0,0,0,0,1,0,26,1,0,1,8,"Bindis",1
0,0.202008432366002,0,0,0,0,1,20,1,1,1,8,"Bindis",1
0,0.293169279278242,1,0,0,1,0,80,1,0,0,5,"Bindis",0
1,0.202008432366002,0,0,0,0,1,64,1,1,0,14,"Bindis",0
1,0.794918419993918,1,0,1,0,0,35,1,0,1,4,"Bindis",1
1,0.794918419993918,1,0,1,0,1,43,1,0,0,16,"Bindis",0
1,0,0,0,0,1,1,26,1,0,0,7,"Bindis",1
1,0.794918419993918,1,0,1,0,1,29,1,0,0,2,"Bindis",0
1,0.501749140715677,0,0,1,0,1,41,1,0,1,8,"Bindis",1
0,0.495177711644244,1,0,0,0,1,69,1,0,1,9,"Binediyah",0
1,0.797991567633998,1,1,1,1,1,32,1,0,1,4,"Biot Mofarag",0
1,0.794918419993918,1,0,1,0,0,19,0,0,0,7,"Bir Tabat",0
1,0.495177711644244,1,0,0,0,1,49,1,0,1,17,"Bir Tabat",0
1,0.504822288355756,0,1,1,1,0,48,1,0,1,13,"Birdeya",0
0,0,0,0,0,1,0,20,1,0,1,8,"Birdeya",1
1,0.501749140715677,0,0,1,0,1,50,1,1,1,8,"Birgy",1
0,0.293169279278242,1,0,0,1,1,35,1,0,1,8,"Birhaliba",1
1,0.495177711644244,1,0,0,0,0,37,1,0,1,9,"Birtabit",0
1,0.202008432366002,0,0,0,0,0,20,1,0,1,2,"Bla Al Biyya",1
0,0.592909987627917,1,0,1,1,0,26,1,0,1,7,"Boba",1
0,0,0,0,0,1,1,35,1,0,1,3,"Boba",1
0,0.592909987627917,1,0,1,1,0,65,1,1,1,7,"Boba",1
0,0,0,0,0,1,0,54,1,0,1,10,"Boranga",0
1,0,0,0,0,1,1,19,1,0,1,5,"Borat",1
1,0.794918419993918,1,0,1,0,1,33,1,1,0,4,"Borgio",0
1,0.495177711644244,1,0,0,0,1,90,1,0,0,6,"Boymawang",0
0,0,0,0,0,1,0,23,1,0,1,4,"Brega",0
0,0,0,0,0,1,1,40,1,0,1,6,"Brega",1
0,0.797991567633998,1,1,1,1,0,25,0,0,1,6,"Brega",0
1,0.797991567633998,1,1,1,1,1,48,1,0,1,16,"Bukar",0
1,0.202008432366002,0,0,0,0,0,28,1,0,1,3,"Coda Mee",0
0,0,0,0,0,1,0,30,1,0,1,4,"Congi",1
0,0,0,0,0,1,1,30,1,0,1,6,"Dabaky",1
0,0,0,0,0,1,1,38,1,0,1,9,"Dabis",1
0,0,0,0,0,1,0,40,1,0,0,6,"Dagjor",1
1,0,0,0,0,1,0,36,1,0,1,4,"Dagjor",0
0,0.293169279278242,1,0,0,1,0,55,1,0,0,7,"Dalta",0
1,0.202008432366002,0,0,0,0,1,20,0,0,1,9,"Damra",1
1,0.202008432366002,0,0,0,0,1,29,0,0,1,18,"Damra",0
1,0.797991567633998,1,1,1,1,1,40,1,0,0,14,"Damra",0
0,0.202008432366002,0,0,0,0,1,36,1,1,1,10,"Damra",1
0,0,0,0,0,1,1,38,1,0,1,3,"Damra",0
0,1,1,1,1,0,0,45,1,0,0,8,"Dangojaro",1
1,0,0,0,0,1,1,43,1,0,0,13,"Danko",0
0,0,0,0,0,1,1,35,1,0,0,8,"Dardure",1
1,0.794918419993918,1,0,1,0,1,56,1,1,1,9,"Dargily",0
0,0,0,0,0,1,0,28,1,0,1,4,"Dasa",1
0,0,0,0,0,1,0,37,1,0,0,6,"Deegada",0
0,0,0,0,0,1,0,23,1,0,1,6,"Deero",0
1,0,0,0,0,1,1,25,1,0,1,15,"Dengar",0
0,0,0,0,0,1,0,29,1,0,1,6,"Derenda",0
0,0,0,0,0,1,0,26,1,0,1,17,"Derisa",1
1,0.700259291650325,1,1,0,0,1,45,1,0,1,9,"Dinbo Kabdi",1
0,0,0,0,0,1,1,37,1,0,0,13,"Dingajour",1
0,0.299740708349675,0,0,1,1,0,25,1,0,1,13,"Dinjir",1
0,0,0,0,0,1,0,37,1,0,1,10,"Dirdkna",0
1,0.794918419993918,1,0,1,0,1,67,1,1,1,16,"Dirgily",0
1,1,1,1,1,0,1,36,1,0,1,13,"Diria",0
0,0,0,0,0,1,1,45,1,1,1,18,"Dirisa",1
1,0.202008432366002,0,0,0,0,1,23,1,0,0,2,"Dirisa",0
1,0.202008432366002,0,0,0,0,0,33,1,1,1,6,"Diro",0
0,0.293169279278242,1,0,0,1,1,40,1,0,0,6,"Diro",1
1,0.501749140715677,0,0,1,0,0,41,1,0,0,6,"Dofata",0
1,0.794918419993918,1,0,1,0,1,36,1,0,1,5,"Dongita",0
0,0,0,0,0,1,0,35,1,1,1,7,"Doty",1
1,0.592909987627917,1,0,1,1,0,25,1,0,0,7,"Doudata",0
1,0.797991567633998,1,1,1,1,0,37,1,0,1,7,"Driol",0
0,0,0,0,0,1,0,35,1,0,0,5,"Dunjurou",1
0,1,1,1,1,0,0,75,1,0,1,12,"Eid Elkhair",0
0,0,0,0,0,1,0,27,1,0,1,3,"Eish Bida",1
1,1,1,1,1,0,1,53,0,0,0,5,"El Fasher",0
1,0.794918419993918,1,0,1,0,0,35,1,0,0,7,"El Fasher",0
0,0.202008432366002,0,0,0,0,0,33,1,0,1,7,"Fanginta",1
1,0,0,0,0,1,0,45,0,0,1,8,"Farne",1
0,1,1,1,1,0,0,24,1,0,1,6,"Few",0
0,0,0,0,0,1,0,40,1,0,1,5,"Fokdo",1
0,0.293169279278242,1,0,0,1,0,59,1,0,0,9,"Fondlayat",0
1,1,1,1,1,0,1,21,1,0,1,5,"Fonu",0
0,0,0,0,0,1,0,25,1,0,1,8,"Fonu",1
0,0.202008432366002,0,0,0,0,0,70,1,0,0,8,"Fur Baranga",1
0,0,0,0,0,1,0,59,1,0,0,16,"Fur Barenga",0
1,1,1,1,1,0,1,25,0,0,0,9,"Fur Barenga",0
0,0,0,0,0,1,0,45,1,0,1,7,"FuraWiya",1
0,1,1,1,1,0,1,37,0,0,0,7,"Furawiya",0
0,0.592909987627917,1,0,1,1,0,45,1,1,1,6,"Furawiya",1
0,0.592909987627917,1,0,1,1,0,50,1,1,0,5,"Furawiya",1
1,0.299740708349675,0,0,1,1,0,50,1,0,1,9,"Furawiya",1
0,0.592909987627917,1,0,1,1,0,20,1,0,1,10,"Furawiya",1
1,0,0,0,0,1,1,41,0,0,1,12,"Furawiya",0
0,0.794918419993918,1,0,1,0,0,40,1,0,1,8,"Furawiya",1
1,0.299740708349675,0,0,1,1,0,28,0,0,1,22,"Furawiya",1
0,0,0,0,0,1,0,24,1,0,1,11,"Furawiya",1
1,0.794918419993918,1,0,1,0,1,43,1,0,0,5,"Furawiya",0
0,0,0,0,0,1,0,25,0,0,0,11,"Furawiya",1
0,0.293169279278242,1,0,0,1,0,29,1,0,1,5,"Furawiya",1
1,0.495177711644244,1,0,0,0,0,41,0,0,1,17,"Furawiya",0
1,0.797991567633998,1,1,1,1,1,51,1,1,1,8,"Furawiya",0
0,0.495177711644244,1,0,0,0,1,25,0,0,0,9,"Furawiya",0
0,0.794918419993918,1,0,1,0,1,25,1,0,1,5,"Furawiya",1
1,0.592909987627917,1,0,1,1,1,21,0,0,1,9,"Furawiya",0
0,0,0,0,0,1,0,28,1,0,1,6,"Furawiya",1
1,1,1,1,1,0,1,24,1,1,1,12,"Furawiya",0
1,1,1,1,1,0,1,28,1,0,1,11,"Furawiya",0
1,0.794918419993918,1,0,1,0,1,63,1,0,0,9,"Furawiya",0
1,0,0,0,0,1,0,54,1,0,0,7,"Furawiya",0
0,0,0,0,0,1,0,40,1,0,1,8,"Furawiya",1
0,1,1,1,1,0,1,37,1,1,0,7,"Furawiya",1
1,0.794918419993918,1,0,1,0,1,68,1,0,0,9,"Furawiya",0
0,0,0,0,0,1,0,33,1,0,1,9,"Furawiya",1
0,0.797991567633998,1,1,1,1,1,35,1,1,0,9,"Furawiya",1
0,0.495177711644244,1,0,0,0,0,25,1,1,1,2,"Furawiya",1
0,0.797991567633998,1,1,1,1,0,37,1,0,1,21,"Furawiya",0
0,0,0,0,0,1,0,67,1,0,0,7,"Furawiya",1
0,0.202008432366002,0,0,0,0,0,40,1,0,1,9,"Furawiya",0
0,0.592909987627917,1,0,1,1,0,25,1,0,1,40,"Furawiya",1
0,0.202008432366002,0,0,0,0,0,45,1,1,1,5,"Furawiya",1
1,0,0,0,0,1,1,90,1,1,0,22,"Furawiya",0
1,0.706830720721758,0,1,1,0,1,55,1,0,1,17,"Furawiya",0
0,0.202008432366002,0,0,0,0,0,27,1,0,0,22,"Furawiya",1
1,1,1,1,1,0,1,20,1,0,1,8,"Furawiya",0
1,0,0,0,0,1,1,26,1,0,1,3,"Furawiya",0
1,0.794918419993918,1,0,1,0,0,39,0,0,0,12,"Furawiya",0
0,0.504822288355756,0,1,1,1,1,18,0,0,1,18,"Furawiya",0
0,0,0,0,0,1,0,30,1,0,1,7,"Furo",1
1,0.202008432366002,0,0,0,0,1,48,1,0,0,8,"Gadir",0
0,0.293169279278242,1,0,0,1,1,30,1,0,1,11,"Gadir",0
1,0.202008432366002,0,0,0,0,1,52,1,0,0,17,"Galala",0
1,0.797991567633998,1,1,1,1,0,28,1,0,1,6,"Garady",1
0,0,0,0,0,1,0,37,1,0,1,21,"Garsila",0
1,0.794918419993918,1,0,1,0,1,33,1,0,1,3,"Garsila",0
1,0.794918419993918,1,0,1,0,1,76,1,1,0,16,"Garsila",0
0,0,0,0,0,1,1,22,1,0,0,10,"Gasheeb",0
0,0,0,0,0,1,0,50,1,1,1,7,"Gasimba",0
0,1,1,1,1,0,0,37,1,0,0,7,"Gasimba",1
0,0,0,0,0,1,1,25,1,0,0,10,"Gasmina",1
0,0,0,0,0,1,1,30,1,0,0,15,"Gebeesh",1
0,0.495177711644244,1,0,0,0,1,40,1,0,1,9,"Gebeesh",1
0,0,0,0,0,1,0,25,1,0,1,30,"Gebeesh",1
0,1,1,1,1,0,1,37,1,0,1,8,"Gedernii",0
0,0.293169279278242,1,0,0,1,1,40,1,0,0,8,"Gemana",0
0,0,0,0,0,1,0,24,1,0,0,14,"Gemena",1
0,0,0,0,0,1,0,36,1,0,0,5,"Gemena",1
0,0.794918419993918,1,0,1,0,0,45,1,0,1,12,"Ghibish",0
1,0.592909987627917,1,0,1,1,0,18,1,1,1,6,"Ghoz Doggy",0
0,0,0,0,0,1,0,27,1,0,1,3,"Ginfara",1
1,1,1,1,1,0,0,27,0,0,0,8,"Girgida",0
1,0.501749140715677,0,0,1,0,0,65,1,0,0,12,"Girgida",0
0,0.592909987627917,1,0,1,1,0,35,1,0,1,7,"Girgida",1
0,0,0,0,0,1,0,50,1,0,1,8,"Girgida",1
0,0,0,0,0,1,1,20,0,0,0,9,"Girgida",1
0,0.407090012372083,0,1,0,0,0,38,0,0,1,9,"Girgida",0
0,0,0,0,0,1,0,25,1,1,1,4,"Girgida",1
0,0.501749140715677,0,0,1,0,0,80,1,1,0,26,"Girgida",0
0,1,1,1,1,0,0,36,1,0,0,6,"Girgida",1
0,0,0,0,0,1,0,25,0,0,0,8,"Girgida",0
0,0,0,0,0,1,0,45,1,1,1,8,"Girgida",1
0,0.293169279278242,1,0,0,1,1,25,1,1,0,12,"Girgida",1
0,0.293169279278242,1,0,0,1,1,38,1,0,0,6,"Gobi",1
1,0.293169279278242,1,0,0,1,0,35,1,0,0,4,"Gobi",0
0,1,1,1,1,0,1,40,1,0,0,8,"Gobi",0
0,0,0,0,0,1,0,60,1,0,0,5,"Gobi",0
0,0.202008432366002,0,0,0,0,1,31,0,0,1,12,"Gobi",0
1,0,0,0,0,1,0,45,1,1,0,15,"Gobi",0
1,0.202008432366002,0,0,0,0,1,23,0,0,1,6,"Gobi",0
1,0,0,0,0,1,0,45,1,0,1,7,"Gobi",0
0,0,0,0,0,1,0,25,1,0,1,7,"Gobi",1
1,0,0,0,0,1,1,61,1,0,0,12,"Gobi",0
0,0,0,0,0,1,0,48,1,0,0,11,"Gobi",0
0,0.293169279278242,1,0,0,1,1,34,1,0,1,4,"Godambi",0
1,1,1,1,1,0,1,60,1,0,1,7,"Gogar",0
0,0,0,0,0,1,0,24,1,1,0,15,"Goji",1
0,0,0,0,0,1,0,37,0,0,1,8,"Gondilat",0
0,0,0,0,0,1,1,25,1,0,1,7,"Gondilat",1
0,0,0,0,0,1,0,19,1,0,0,3,"Gondilat",1
0,0.592909987627917,1,0,1,1,1,27,0,0,1,4,"Gondilat",1
1,0.293169279278242,1,0,0,1,0,27,0,0,0,7,"Gondilat",0
0,0.794918419993918,1,0,1,0,1,30,1,0,0,10,"Gono",1
0,0,0,0,0,1,0,26,1,0,1,4,"Gono",0
0,0,0,0,0,1,1,25,1,1,1,9,"Goraba",1
0,0.202008432366002,0,0,0,0,1,40,0,0,0,5,"Goraba",1
0,0,0,0,0,1,0,35,1,0,1,13,"Gorboki",1
1,0.504822288355756,0,1,1,1,1,42,0,0,1,15,"Gorboki",0
0,0.299740708349675,0,0,1,1,0,25,1,0,1,9,"Gorboki",0
1,0.293169279278242,1,0,0,1,0,36,1,1,1,13,"Gorboki",0
1,0.794918419993918,1,0,1,0,0,59,1,1,0,17,"Gorboki",0
0,0,0,0,0,1,0,25,1,0,1,8,"Goroku",1
0,0.592909987627917,1,0,1,1,0,19,1,1,1,8,"Gosimba",1
1,0.794918419993918,1,0,1,0,1,38,1,0,1,11,"Goslayat",0
0,0.498250859284323,1,1,0,1,0,18,1,0,1,7,"Goslayat",1
0,1,1,1,1,0,0,50,1,0,0,8,"Gouba",0
0,0.202008432366002,0,0,0,0,0,19,0,0,1,8,"Goz Bagar",0
1,1,1,1,1,0,0,46,1,0,0,21,"Goz Bagar",0
0,0,0,0,0,1,0,33,1,0,0,6,"Goz Bagar",1
0,0,0,0,0,1,0,28,1,0,1,7,"Goz Beida",1
0,0.495177711644244,1,0,0,0,0,40,1,0,0,4,"Goz Beida",1
0,0,0,0,0,1,0,30,1,0,1,6,"Goz Deega",1
0,0.202008432366002,0,0,0,0,0,35,1,0,0,7,"Goz Deega",1
0,0.495177711644244,1,0,0,0,0,35,1,0,1,4,"Goz Deega",1
1,0.202008432366002,0,0,0,0,0,33,1,0,0,4,"Goz Deega",1
0,0,0,0,0,1,0,70,1,0,1,6,"Goz Deega",1
0,0,0,0,0,1,0,35,1,0,0,7,"Goz Deega",1
0,0.797991567633998,1,1,1,1,1,22,0,0,1,6,"Goz Gabor",1
1,0.495177711644244,1,0,0,0,0,30,0,0,1,8,"Goz Mono",0
1,0.592909987627917,1,0,1,1,1,45,1,1,0,12,"Goz Mono",0
0,0,0,0,0,1,0,67,1,0,1,7,"Gttara",0
1,0.592909987627917,1,0,1,1,0,22,1,0,0,18,"Gubbey",0
1,0.293169279278242,1,0,0,1,0,56,1,0,1,12,"Gubbey",0
0,0.202008432366002,0,0,0,0,0,23,0,0,1,5,"Habila",0
1,0,0,0,0,1,1,24,1,0,1,1,"Habila",0
1,1,1,1,1,0,1,38,1,0,0,7,"Habila",0
0,0,0,0,0,1,0,35,1,0,1,6,"Habila",1
0,0,0,0,0,1,0,27,1,0,1,4,"Habila",1
0,1,1,1,1,0,0,47,0,0,0,9,"Habila",0
0,0.202008432366002,0,0,0,0,1,18,0,0,1,8,"Habila",0
1,0.202008432366002,0,0,0,0,1,45,1,0,0,15,"Habila",0
1,1,1,1,1,0,1,36,1,0,1,4,"Habshaba",0
0,0.501749140715677,0,0,1,0,1,31,0,0,0,5,"Hadjer Suleiman",0
0,0.202008432366002,0,0,0,0,1,25,1,0,1,6,"Hadjer Suleiman",1
1,0.202008432366002,0,0,0,0,0,26,1,0,1,10,"Hai Jadid",0
0,0,0,0,0,1,0,25,1,0,1,8,"Hajar Kharkhita",0
1,0.299740708349675,0,0,1,1,1,18,1,0,1,7,"Hajar Seleman",0
1,1,1,1,1,0,0,33,1,0,0,11,"Hajar farkhabta",0
1,0,0,0,0,1,1,24,1,0,1,5,"Hajilija",0
0,0.293169279278242,1,0,0,1,1,35,1,0,0,9,"Haleila",1
0,1,1,1,1,0,1,34,0,0,0,7,"Haleila",0
0,0.495177711644244,1,0,0,0,1,35,1,0,1,6,"Hara",1
0,0,0,0,0,1,1,45,1,0,1,6,"Harkow",1
1,0.495177711644244,1,0,0,0,0,47,1,0,0,8,"Hashaba",0
1,1,1,1,1,0,0,52,1,0,0,10,"Hashaba",0
0,0,0,0,0,1,0,53,1,0,1,5,"Haskanita",0
1,0.293169279278242,1,0,0,1,0,47,1,0,0,18,"Haskanita",0
1,0.202008432366002,0,0,0,0,1,52,1,0,1,12,"Hee Al Gameena",0
0,0,0,0,0,1,1,28,1,1,1,10,"Heemada",0
0,0.202008432366002,0,0,0,0,0,26,1,0,0,4,"Hijileja",1
0,0,0,0,0,1,0,30,1,0,0,11,"Hila Haraz",1
0,1,1,1,1,0,0,49,1,0,0,9,"Hila Jadad",0
1,0,0,0,0,1,0,28,1,0,0,8,"Hila Kaid",1
0,0.202008432366002,0,0,0,0,1,29,1,1,1,4,"Hila Mara",1
0,0.202008432366002,0,0,0,0,0,58,1,0,0,5,"Hila Zaghawa",0
1,0,0,0,0,1,0,70,0,0,0,9,"Hila Zaghawa",0
1,1,1,1,1,0,0,26,0,0,1,6,"Hila Zaghawa",0
1,0,0,0,0,1,0,27,1,0,1,4,"Hila Zaghawa",0
0,0,0,0,0,1,1,55,1,0,1,8,"Hila Zaghawa",0
0,0,0,0,0,1,1,30,1,0,1,7,"Hila Zaghawa",1
0,0,0,0,0,1,1,35,1,0,1,6,"Hila Zaghawa",0
1,0,0,0,0,1,0,20,1,0,1,8,"Hila Zaghawa",0
0,0.202008432366002,0,0,0,0,0,45,0,0,1,14,"Hilaila",0
1,0.592909987627917,1,0,1,1,1,25,1,1,1,7,"Hilaila",0
0,0.202008432366002,0,0,0,0,0,25,1,0,1,5,"Hilaila",1
0,0,0,0,0,1,1,30,1,0,1,30,"Hilaila",1
0,0,0,0,0,1,1,40,1,0,1,10,"Humeida",1
0,0.797991567633998,1,1,1,1,0,24,1,0,1,3,"Hunu",1
1,0.504822288355756,0,1,1,1,0,25,1,0,1,5,"Hyja Gergeta",0
0,0.797991567633998,1,1,1,1,0,26,1,0,0,20,"Id Al Kheir",1
0,0,0,0,0,1,1,18,1,0,1,10,"Jebel",1
1,0.794918419993918,1,0,1,0,1,77,1,1,0,18,"Jadara",0
1,0.495177711644244,1,0,0,0,0,52,1,0,1,11,"Jago",1
0,0.293169279278242,1,0,0,1,0,37,0,0,1,9,"Jaker",1
1,0,0,0,0,1,1,40,1,0,0,9,"Jala",0
0,0,0,0,0,1,1,43,1,0,1,7,"Jamti",1
0,0,0,0,0,1,0,22,1,0,1,5,"Janga",0
0,0,0,0,0,1,0,42,1,0,1,5,"Janga",1
0,0.205081580006082,0,1,0,1,0,35,0,0,0,5,"Jarko",0
1,0.202008432366002,0,0,0,0,0,31,1,0,1,4,"Jebel",1
0,0,0,0,0,1,0,28,1,1,1,4,"Jebel Amr",1
0,0,0,0,0,1,0,40,1,1,1,11,"Jebel Jozo",0
1,0.504822288355756,0,1,1,1,0,29,1,0,0,6,"Jebel Moon",1
1,0,0,0,0,1,0,70,1,0,0,8,"Jebel Moon",1
1,0,0,0,0,1,1,35,1,0,0,9,"Jebel Moon",1
0,0,0,0,0,1,0,34,1,0,1,7,"Jebel Moon",1
1,0.495177711644244,1,0,0,0,0,35,1,1,0,5,"Jebel Moon",0
0,0,0,0,0,1,1,38,1,0,1,9,"Jebel Moon",1
1,1,1,1,1,0,1,22,1,0,0,9,"Jebel Moon",0
1,0,0,0,0,1,0,40,1,0,0,15,"Jebel Moon",0
1,0,0,0,0,1,0,52,1,0,1,16,"Jebel Moon",0
1,0.495177711644244,1,0,0,0,0,50,1,0,0,13,"Jebel Moon",0
1,0.794918419993918,1,0,1,0,1,62,1,1,1,14,"Jeerjeera",0
0,0,0,0,0,1,1,32,1,0,1,15,"Jebel Moon",1
1,0.794918419993918,1,0,1,0,0,20,1,0,1,8,"Jendaly",1
0,0,0,0,0,1,1,45,1,0,0,24,"Jebel Moon",1
0,0,0,0,0,1,0,86,1,0,0,10,"Jereko",0
0,0,0,0,0,1,0,60,1,0,1,4,"Jereko",1
1,0.202008432366002,0,0,0,0,0,33,1,0,1,5,"Jimi",1
0,0,0,0,0,1,0,19,1,0,1,1,"Jimi",1
0,0.202008432366002,0,0,0,0,0,45,1,0,0,4,"Jimi",1
1,0.592909987627917,1,0,1,1,1,73,1,0,0,16,"Jirjira",0
0,0,0,0,0,1,0,54,1,0,1,7,"Jirjira",1
1,0.797991567633998,1,1,1,1,0,29,1,0,0,4,"Jo Yat",0
0,0,0,0,0,1,1,28,1,0,1,11,"Jorbi",1
1,0.797991567633998,1,1,1,1,0,35,1,0,0,7,"Jorbogy",0
1,0.299740708349675,0,0,1,1,0,41,0,0,1,9,"Jorbogy",0
0,0.797991567633998,1,1,1,1,0,63,1,0,1,20,"Jorbogy",0
0,0.495177711644244,1,0,0,0,0,18,1,0,1,2,"Joyo",1
0,0,0,0,0,1,1,45,1,0,1,12,"Jozdo",1
0,0,0,0,0,1,0,27,1,0,1,7,"Jumaira",1
0,0.592909987627917,1,0,1,1,0,61,1,1,1,9,"Jurjura",1
0,0.202008432366002,0,0,0,0,0,27,1,0,1,9,"Kabar",1
0,0,0,0,0,1,0,50,0,0,0,10,"Kabar",0
0,0,0,0,0,1,0,27,1,0,0,9,"Kabar",1
0,0,0,0,0,1,1,60,1,0,0,12,"Kabar",1
1,0.495177711644244,1,0,0,0,0,30,1,0,0,17,"Kabar",0
1,0,0,0,0,1,0,46,1,0,0,12,"Kabar",1
0,0,0,0,0,1,1,60,1,0,0,2,"Kabar",0
1,0.794918419993918,1,0,1,0,0,32,0,0,1,15,"Kabar",0
0,0,0,0,0,1,1,18,0,0,1,9,"Kabar",1
0,0.202008432366002,0,0,0,0,1,32,1,0,0,3,"Kabar",0
0,0.202008432366002,0,0,0,0,0,50,1,0,1,10,"Kabar",1
1,0,0,0,0,1,0,58,1,0,1,10,"Kabar",0
0,0,0,0,0,1,0,85,1,0,1,7,"Kabar",1
0,0.202008432366002,0,0,0,0,1,20,1,0,1,18,"Kabar",1
1,0,0,0,0,1,1,50,1,0,1,6,"Kabar",1
1,0.794918419993918,1,0,1,0,1,27,0,0,1,9,"Kabar",0
1,0,0,0,0,1,0,35,1,0,0,9,"Kabar",1
0,0,0,0,0,1,0,25,1,0,1,6,"Kabar",1
0,0,0,0,0,1,0,21,0,0,0,8,"Kabar",1
0,0,0,0,0,1,1,35,1,0,1,8,"Kabar",1
0,0.293169279278242,1,0,0,1,0,18,1,0,1,10,"Kabar",0
0,0,0,0,0,1,1,46,1,0,1,7,"Kabar",0
1,0,0,0,0,1,0,65,1,0,1,7,"Kabar",0
1,0.202008432366002,0,0,0,0,0,69,1,0,0,11,"Kabar",0
0,0,0,0,0,1,1,60,1,0,0,11,"Kabar",0
1,0.202008432366002,0,0,0,0,0,20,0,0,1,10,"Kabar",0
1,1,1,1,1,0,1,42,1,0,0,21,"Kabar",0
1,0,0,0,0,1,1,32,1,0,1,1,"Kabar",0
1,0.202008432366002,0,0,0,0,1,66,1,1,1,5,"Kabar",0
0,0.202008432366002,0,0,0,0,0,24,1,0,1,8,"Kabar",1
0,0.299740708349675,0,0,1,1,0,23,1,0,1,3,"Kabar",1
0,0.495177711644244,1,0,0,0,1,30,1,0,1,5,"Kabar",1
1,0,0,0,0,1,0,47,1,0,1,7,"Kabar",1
0,0.495177711644244,1,0,0,0,1,24,1,0,1,8,"Kabar",1
0,1,1,1,1,0,1,27,1,0,1,5,"Kabar",1
1,0.794918419993918,1,0,1,0,0,35,1,0,1,6,"Kaberka",1
1,0,0,0,0,1,0,67,1,0,1,18,"Kabkabia",0
1,0.592909987627917,1,0,1,1,1,41,1,1,1,7,"Kabkabia",0
0,0.202008432366002,0,0,0,0,1,30,1,0,1,20,"Kabkabia",1
1,0.293169279278242,1,0,0,1,1,40,1,0,1,7,"Kabkabia",0
0,0.592909987627917,1,0,1,1,0,26,1,0,1,12,"Kabkabia",1
0,0.205081580006082,0,1,0,1,1,43,1,0,0,11,"Kabkabia",0
0,0,0,0,0,1,0,35,1,0,0,11,"Kabkabia",1
0,1,1,1,1,0,0,37,1,0,1,6,"Kabkabia",0
0,0.504822288355756,0,1,1,1,0,45,0,0,0,10,"Kabugo",0
0,0.202008432366002,0,0,0,0,0,45,1,0,1,7,"Kadia",1
0,0,0,0,0,1,1,37,1,0,0,5,"Kadomi",1
1,0.299740708349675,0,0,1,1,1,30,1,0,1,27,"Kadora",0
1,0.293169279278242,1,0,0,1,1,30,1,0,1,8,"Kagio",0
0,0.202008432366002,0,0,0,0,1,45,1,1,0,7,"Kagu",1
1,0.797991567633998,1,1,1,1,0,36,1,0,1,14,"Kagy Mangy",0
1,0,0,0,0,1,1,48,1,0,0,11,"Kair",0
1,0,0,0,0,1,0,75,1,0,0,8,"Kajra",0
0,0.495177711644244,1,0,0,0,0,21,0,0,1,6,"Kajabara",0
1,0.293169279278242,1,0,0,1,0,30,1,1,1,8,"Kajawa",0
0,0.202008432366002,0,0,0,0,0,40,1,0,0,7,"Kahra",1
1,0.202008432366002,0,0,0,0,0,45,1,0,0,9,"Kalkig",1
1,0.592909987627917,1,0,1,1,1,37,1,1,1,8,"Kaltouma",0
0,0.797991567633998,1,1,1,1,1,35,0,0,1,4,"Kamo",0
0,0.592909987627917,1,0,1,1,1,36,0,1,1,16,"Kamo",0
0,0.299740708349675,0,0,1,1,0,80,1,0,1,4,"Kanda indina",1
0,0,0,0,0,1,1,32,1,0,1,14,"Kandaly",1
0,0,0,0,0,1,1,45,0,0,0,7,"Kandaro",0
1,0,0,0,0,1,1,30,1,1,1,9,"Kaneya",1
0,0,0,0,0,1,0,20,1,0,1,8,"Kongo",1
0,0.797991567633998,1,1,1,1,1,30,1,0,0,5,"Kongo Hazara",0
0,0,0,0,0,1,0,35,1,0,0,9,"Kanour",1
0,0.202008432366002,0,0,0,0,1,28,1,0,1,7,"Kapar",1
1,0,0,0,0,1,0,20,1,0,0,1,"Kar Simba",0
1,0.293169279278242,1,0,0,1,1,35,1,0,1,7,"Karbanga",0
0,0,0,0,0,1,0,45,1,1,1,7,"Karbanga",1
1,1,1,1,1,0,1,38,1,1,0,5,"Kareye",0
1,1,1,1,1,0,1,40,1,0,1,12,"Kareye",0
0,0,0,0,0,1,0,55,1,0,1,8,"Karia",1
0,0,0,0,0,1,1,64,1,0,1,11,"Karia",0
1,0.501749140715677,0,0,1,0,0,55,0,0,0,14,"Karja",0
0,1,1,1,1,0,0,73,1,0,1,10,"Karja",0
1,0.293169279278242,1,0,0,1,1,33,1,0,1,4,"Karja",0
0,0.202008432366002,0,0,0,0,0,24,1,1,0,7,"Karnita",1
1,0.592909987627917,1,0,1,1,0,59,0,0,1,8,"Karnuwa",0
0,1,1,1,1,0,0,27,1,0,1,8,"Kary",0
0,0.202008432366002,0,0,0,0,0,20,1,0,1,9,"Kashkash",0
0,0.202008432366002,0,0,0,0,0,37,1,0,1,2,"Kasia",0
1,1,1,1,1,0,1,41,0,0,0,8,"Kasia",0
0,1,1,1,1,0,0,28,1,1,1,3,"Kasia",0
0,0.202008432366002,0,0,0,0,0,38,1,1,0,3,"Kasia",1
0,1,1,1,1,0,1,27,1,1,1,6,"Kati",1
1,0.202008432366002,0,0,0,0,1,40,1,1,0,7,"Kawayna",1
1,0.706830720721758,0,1,1,0,0,26,0,0,0,7,"Kaya",0
1,0.202008432366002,0,0,0,0,0,65,1,0,1,20,"Kaya",0
0,0,0,0,0,1,0,35,1,1,1,4,"Kayo",1
1,0.592909987627917,1,0,1,1,0,40,1,0,1,6,"Kdumli",0
1,0,0,0,0,1,0,20,1,0,1,1,"Keajo",0
0,0.293169279278242,1,0,0,1,0,35,1,0,0,8,"Keajo",1
1,0.794918419993918,1,0,1,0,0,27,1,1,0,6,"Keiga",0
0,0,0,0,0,1,0,35,0,0,0,4,"Keiga",1
0,0,0,0,0,1,1,57,1,0,0,12,"Kengu",1
1,0,0,0,0,1,0,31,0,0,1,7,"Kesi",0
0,0.293169279278242,1,0,0,1,1,40,1,0,1,16,"Khabeesh",0
1,0.495177711644244,1,0,0,0,0,43,1,0,1,11,"Khabeesh",0
0,0.299740708349675,0,0,1,1,0,30,1,1,1,4,"Khabir Waja",1
1,0,0,0,0,1,1,35,1,0,0,9,"Kharsha",0
0,0,0,0,0,1,0,23,1,0,0,10,"Khary",0
0,0,0,0,0,1,0,20,1,1,1,7,"Khazan Abu Jidad",0
1,0.592909987627917,1,0,1,1,0,50,1,0,1,10,"Khazan Abu Jidad",0
0,0.504822288355756,0,1,1,1,0,51,1,0,1,13,"Khazan Abu Jidad",0
0,0.202008432366002,0,0,0,0,1,75,0,0,1,6,"Khazan Urshe",1
0,0,0,0,0,1,0,51,1,0,1,8,"Khabeesh",0
1,0.293169279278242,1,0,0,1,0,19,0,0,1,7,"Khibish",0
0,0,0,0,0,1,1,46,1,1,0,10,"Khosa",1
0,0,0,0,0,1,0,20,0,0,1,10,"Khurbaranga",1
1,0,0,0,0,1,0,35,1,1,1,6,"Khurbaranga",1
0,0.592909987627917,1,0,1,1,1,33,0,0,1,3,"Khurbaranga",0
0,0.794918419993918,1,0,1,0,1,22,1,1,1,4,"Khurbaranga",1
1,0.501749140715677,0,0,1,0,0,45,0,0,1,9,"Kibiry",0
0,0,0,0,0,1,1,25,1,0,1,3,"Kibjo",1
0,0,0,0,0,1,1,50,1,0,0,12,"Kiego",1
0,0.592909987627917,1,0,1,1,0,25,1,0,1,10,"Kigulu",0
0,0,0,0,0,1,0,31,1,0,0,7,"Kigy",1
0,1,1,1,1,0,0,26,0,0,1,5,"Kinding",1
1,0,0,0,0,1,0,36,1,0,1,5,"Kongo",0
1,0,0,0,0,1,0,29,1,0,1,3,"Kirti",0
1,0.202008432366002,0,0,0,0,0,73,1,0,1,5,"Kobar",0
1,0.797991567633998,1,1,1,1,1,35,1,0,0,4,"Kobar",0
0,0.202008432366002,0,0,0,0,1,26,1,0,1,8,"Kobsaka",1
1,0.794918419993918,1,0,1,0,0,23,1,0,1,4,"Kobsaka",0
0,0,0,0,0,1,0,27,1,0,0,2,"Kodima",0
0,0.592909987627917,1,0,1,1,1,24,1,0,1,18,"Kutum",1
0,0,0,0,0,1,0,26,1,0,0,5,"Kutum",1
0,1,1,1,1,0,0,20,0,0,1,20,"Kogi",0
1,0,0,0,0,1,0,29,1,0,1,4,"Kogi",1
0,0.592909987627917,1,0,1,1,1,46,1,0,0,5,"Kojong Kasia",0
0,0,0,0,0,1,0,42,1,0,1,11,"Kokona",1
1,0.592909987627917,1,0,1,1,1,47,0,0,1,13,"Kokona",0
1,0,0,0,0,1,0,18,1,0,1,7,"Kondobe",0
0,0,0,0,0,1,0,70,1,0,1,13,"Kongo",1
0,0.293169279278242,1,0,0,1,0,19,1,0,1,6,"Kongo",0
0,0.202008432366002,0,0,0,0,0,25,1,0,1,6,"Kongo",1
0,0,0,0,0,1,1,27,1,0,1,4,"Kongo",1
0,0.293169279278242,1,0,0,1,1,60,1,1,1,5,"Kongo",1
0,0,0,0,0,1,1,19,0,0,1,8,"Kongo",0
1,0,0,0,0,1,0,26,0,0,1,8,"Kongo",0
1,0,0,0,0,1,1,50,1,0,0,13,"Kongo",0
1,0.794918419993918,1,0,1,0,1,31,0,0,0,3,"Kongo",0
1,0,0,0,0,1,1,21,0,0,1,19,"Kongo",0
1,0,0,0,0,1,1,22,1,0,1,9,"Kongo",0
0,0,0,0,0,1,0,20,1,0,1,7,"Kongo",1
0,0.293169279278242,1,0,0,1,0,19,0,0,1,7,"Kongo",1
1,0.202008432366002,0,0,0,0,1,35,1,0,1,8,"Kongo",1
1,0.202008432366002,0,0,0,0,0,35,1,0,1,5,"Kongo",0
1,0.592909987627917,1,0,1,1,0,40,1,0,1,11,"Kooba",0
0,0,0,0,0,1,0,26,1,0,1,3,"Korika",1
0,1,1,1,1,0,0,21,1,0,1,7,"Kormi",0
0,0.205081580006082,0,1,0,1,0,20,0,0,1,6,"Kornoy",1
0,0.202008432366002,0,0,0,0,0,65,1,0,0,16,"Kornoy",0
0,0.797991567633998,1,1,1,1,1,38,0,0,1,22,"Kornoy",1
0,0.592909987627917,1,0,1,1,0,28,1,1,0,4,"Kornoy",1
1,1,1,1,1,0,1,39,1,0,1,2,"Kornoy",0
0,0.202008432366002,0,0,0,0,0,20,1,0,1,12,"Kornoy",0
0,0,0,0,0,1,1,30,1,0,1,4,"Kornoy",1
1,0,0,0,0,1,0,40,1,0,1,9,"Kornoy",1
0,0,0,0,0,1,1,30,1,1,1,4,"Kornoy",1
0,0.797991567633998,1,1,1,1,0,18,0,0,1,8,"Kornoy",1
0,0,0,0,0,1,0,37,1,1,1,9,"Kornoy",0
1,0.501749140715677,0,0,1,0,0,27,0,0,1,5,"Kornoy",0
1,0.797991567633998,1,1,1,1,0,39,1,0,1,27,"Kornoy",0
0,1,1,1,1,0,0,39,1,0,1,17,"Kornoy",0
0,0.592909987627917,1,0,1,1,0,20,0,0,1,10,"Kornoy",1
1,1,1,1,1,0,1,46,1,1,1,5,"Kornoy",0
1,0.794918419993918,1,0,1,0,1,35,1,1,0,7,"Kornoy",0
1,0.794918419993918,1,0,1,0,1,37,1,0,0,5,"Kornoy",0
0,0.202008432366002,0,0,0,0,0,27,1,0,1,6,"Kornoy",1
0,0.202008432366002,0,0,0,0,0,41,0,0,0,4,"Kornoy",0
1,0.797991567633998,1,1,1,1,0,39,1,0,1,16,"Kornoy",0
0,0.592909987627917,1,0,1,1,0,28,0,0,1,13,"Kornoy",1
1,0.794918419993918,1,0,1,0,1,42,1,0,1,4,"Kornoy",0
0,0.592909987627917,1,0,1,1,0,45,1,0,0,10,"Kornoy",1
1,0.706830720721758,0,1,1,0,0,52,0,0,0,13,"Kornoy",0
1,0.797991567633998,1,1,1,1,1,46,1,0,0,7,"Kornoy",0
0,0.299740708349675,0,0,1,1,0,29,1,0,1,10,"Kornoy",0
1,1,1,1,1,0,0,55,1,0,1,13,"Kornoy",0
0,0,0,0,0,1,0,55,1,0,1,11,"Kornoy",0
0,0,0,0,0,1,1,43,0,0,0,12,"Kornoy",0
1,0.794918419993918,1,0,1,0,1,50,1,0,0,11,"Kornoy",0
0,0.592909987627917,1,0,1,1,0,28,0,0,0,8,"Kornoy",1
1,0.504822288355756,0,1,1,1,1,30,1,1,0,5,"Kornoy",0
1,0.202008432366002,0,0,0,0,1,30,0,0,0,4,"Kornoy",0
0,0,0,0,0,1,0,40,1,0,0,7,"Kornoy",1
0,0.794918419993918,1,0,1,0,1,25,0,0,1,6,"Kornoy",1
0,0.797991567633998,1,1,1,1,0,22,0,0,1,12,"Kornoy",1
1,1,1,1,1,0,1,43,1,0,1,10,"Kornoy",0
0,0,0,0,0,1,0,28,1,1,0,4,"Kornoy",1
1,0.293169279278242,1,0,0,1,1,36,0,0,0,4,"Kornoy",0
0,0.592909987627917,1,0,1,1,0,27,1,0,1,7,"Kornoy",1
1,0.794918419993918,1,0,1,0,0,34,0,0,0,7,"Kornoy",0
1,1,1,1,1,0,0,36,1,1,0,20,"Kornoy",0
1,0.794918419993918,1,0,1,0,1,58,1,1,0,18,"Kornoy",0
1,0,0,0,0,1,0,39,0,0,0,9,"Kornoy",0
1,0.592909987627917,1,0,1,1,0,65,1,1,0,14,"Kornoy",0
0,0,0,0,0,1,0,32,1,0,1,5,"Kornoy",1
0,0,0,0,0,1,0,50,1,0,0,9,"Kornoy",1
0,0,0,0,0,1,0,28,0,0,1,4,"Kornoy",1
0,0,0,0,0,1,1,20,0,0,1,14,"Kornoy",1
0,0,0,0,0,1,1,30,1,0,1,12,"Kornoy",1
0,0.797991567633998,1,1,1,1,0,63,0,0,0,22,"Kornoy",0
0,0,0,0,0,1,1,45,1,0,0,6,"Kornoy",1
0,0,0,0,0,1,0,40,1,1,0,7,"Kornoy",1
1,0.794918419993918,1,0,1,0,0,67,0,0,0,17,"Kornoy",0
1,0.202008432366002,0,0,0,0,1,43,1,0,0,9,"Kornoy",0
0,0,0,0,0,1,0,55,1,1,0,9,"Kornoy",1
1,0.501749140715677,0,0,1,0,0,34,0,0,1,20,"Kornoy",0
0,0.293169279278242,1,0,0,1,0,33,1,0,1,7,"Kornoy",1
0,0.293169279278242,1,0,0,1,1,30,0,0,1,4,"Kornoy",0
1,0.592909987627917,1,0,1,1,0,22,1,0,1,5,"Kornoy",0
1,0,0,0,0,1,0,60,1,0,0,15,"Kornoy",0
0,0.592909987627917,1,0,1,1,1,80,1,1,1,8,"Kornoy",0
0,0.202008432366002,0,0,0,0,0,32,0,0,0,11,"Kornoy",1
0,0.592909987627917,1,0,1,1,1,28,0,0,1,7,"Kornoy",1
1,0.794918419993918,1,0,1,0,1,55,1,0,1,9,"Kornoy",0
1,0.794918419993918,1,0,1,0,1,48,1,0,1,6,"Kornoy",0
0,0,0,0,0,1,0,83,1,0,0,6,"Kornoy",1
1,0.202008432366002,0,0,0,0,1,36,1,0,1,4,"Kornoy",0
0,0,0,0,0,1,0,43,1,0,1,3,"Kornoy",1
0,0.202008432366002,0,0,0,0,0,26,1,1,1,4,"Kornoy",1
0,0.797991567633998,1,1,1,1,1,48,0,1,1,12,"Kornoy",0
0,0,0,0,0,1,0,46,1,0,1,11,"Kornoy",1
1,0.797991567633998,1,1,1,1,1,30,1,0,0,10,"Kornoy",1
0,0.794918419993918,1,0,1,0,0,23,1,0,1,7,"Kornoy",1
1,0.407090012372083,0,1,0,0,0,25,1,0,0,3,"Kornoy",1
1,1,1,1,1,0,1,19,1,0,1,11,"Kornoy",0
1,1,1,1,1,0,1,40,0,0,0,18,"Kornoy",0
0,0,0,0,0,1,0,40,1,0,0,8,"Kornoy",1
0,0.202008432366002,0,0,0,0,0,35,1,0,0,7,"Kornoy",1
0,0,0,0,0,1,0,30,1,0,1,9,"Kornoy",1
1,0.504822288355756,0,1,1,1,1,55,1,0,0,17,"Kornoy",0
1,0.794918419993918,1,0,1,0,0,35,1,1,0,4,"Kornoy",0
0,0.504822288355756,0,1,1,1,0,60,1,0,0,8,"Kornoy",1
0,0,0,0,0,1,0,35,1,1,1,3,"Kornoy",1
1,1,1,1,1,0,1,53,0,0,1,6,"Kornoy",0
0,0.202008432366002,0,0,0,0,0,78,1,1,0,2,"Kornoy",0
0,0.592909987627917,1,0,1,1,0,18,0,0,0,10,"Kornoy",1
1,0.797991567633998,1,1,1,1,0,61,0,0,0,23,"Kornoy",0
0,0.794918419993918,1,0,1,0,0,26,1,0,1,10,"Kornoy",1
0,0.794918419993918,1,0,1,0,0,40,1,1,0,9,"Kornoy",0
1,0.202008432366002,0,0,0,0,0,25,1,0,0,5,"Koro",1
0,0.202008432366002,0,0,0,0,0,42,1,0,0,9,"Kotoya",0
0,0.293169279278242,1,0,0,1,0,36,1,0,1,5,"Kougounagour",0
0,0.202008432366002,0,0,0,0,0,20,0,0,1,6,"Kourja",0
0,0,0,0,0,1,0,30,1,0,1,19,"Kowaya",1
0,0,0,0,0,1,1,27,1,1,0,11,"Kubrey Joumta",1
1,1,1,1,1,0,0,49,1,0,1,7,"Kulbus",0
0,0.495177711644244,1,0,0,0,0,27,1,0,0,16,"Kulbus",1
1,0.700259291650325,1,1,0,0,1,52,1,1,1,10,"Kutum",0
1,0,0,0,0,1,0,35,1,0,1,7,"Kutum",0
0,0,0,0,0,1,0,50,1,0,1,10,"Kutum",0
0,0.797991567633998,1,1,1,1,0,45,1,0,0,9,"Kuwayna",0
0,0,0,0,0,1,1,25,1,0,1,12,"Kuwayna",1
0,0.293169279278242,1,0,0,1,0,47,1,0,1,8,"Lamboot",1
1,1,1,1,1,0,1,26,0,0,1,2,"Leebanda",0
0,0,0,0,0,1,0,45,1,0,1,7,"Lesh Baha",1
0,0,0,0,0,1,1,23,1,0,1,20,"Liya",0
0,0.794918419993918,1,0,1,0,0,73,1,1,0,18,"Loba",0
0,0.592909987627917,1,0,1,1,0,23,0,1,1,9,"Loba",0
1,0.592909987627917,1,0,1,1,0,47,1,0,1,11,"Loombon",0
1,0.794918419993918,1,0,1,0,1,49,1,0,0,9,"Luka",0
1,0.794918419993918,1,0,1,0,1,29,1,0,1,3,"Luka",0
1,0.794918419993918,1,0,1,0,1,58,1,0,1,7,"Luka",0
0,1,1,1,1,0,0,45,1,0,0,6,"Luka",0
1,0.794918419993918,1,0,1,0,1,26,1,0,1,6,"Luka",0
1,0.592909987627917,1,0,1,1,1,68,1,1,1,14,"Luka",0
0,0.293169279278242,1,0,0,1,0,30,1,0,1,8,"Loombon",0
0,0.592909987627917,1,0,1,1,1,26,0,0,0,6,"MANGO-BRAD",0
0,0.794918419993918,1,0,1,0,0,36,0,0,1,5,"Mabganou",0
0,0,0,0,0,1,0,32,1,1,0,8,"Mabjer",0
1,0.293169279278242,1,0,0,1,1,18,1,0,1,6,"Mabrouka",0
0,0,0,0,0,1,1,33,1,0,0,6,"Magarsa",1
1,0.202008432366002,0,0,0,0,0,38,0,0,0,6,"Magarsa",0
0,0,0,0,0,1,1,82,1,0,0,2,"Magarsa",0
0,0,0,0,0,1,1,20,1,0,1,4,"Magarsa",1
1,1,1,1,1,0,0,35,1,0,1,10,"Magarsa",0
1,0.293169279278242,1,0,0,1,0,22,1,0,0,8,"Magarsa",0
1,0,0,0,0,1,1,25,1,1,0,8,"Magarsa",1
0,0,0,0,0,1,1,26,1,0,1,15,"Magna",1
0,0,0,0,0,1,0,35,1,0,1,7,"Mago",1
0,0,0,0,0,1,0,45,1,0,1,12,"Magrani",1
1,1,1,1,1,0,0,28,1,0,1,7,"Mahajiria",1
0,0,0,0,0,1,1,35,1,0,1,8,"Majar Kabdi",1
0,0.202008432366002,0,0,0,0,0,20,0,0,1,7,"Majmaje",1
0,0,0,0,0,1,0,40,1,0,1,7,"Makada",1
1,0,0,0,0,1,0,47,1,0,0,8,"Makhn",0
1,0.202008432366002,0,0,0,0,0,54,1,0,0,10,"Mangarsa",0
1,0,0,0,0,1,0,33,1,0,1,3,"Mangarsa",0
1,1,1,1,1,0,1,40,1,0,1,4,"Mangarsa",0
1,0.794918419993918,1,0,1,0,0,37,1,0,1,11,"Mangarsa",0
0,0,0,0,0,1,0,40,1,0,0,6,"Mangora",1
1,0,0,0,0,1,0,38,1,0,0,6,"Mangora",0
1,0.202008432366002,0,0,0,0,0,64,1,0,0,7,"Mangora",0
0,0,0,0,0,1,1,18,0,0,1,10,"Mangora",1
0,0.592909987627917,1,0,1,1,0,34,1,0,0,4,"Mangora",1
0,0.592909987627917,1,0,1,1,0,30,1,0,1,5,"Mangora",1
0,0.293169279278242,1,0,0,1,1,73,0,1,1,11,"Mangora",0
0,0,0,0,0,1,0,35,1,0,0,8,"Mangora",1
0,0.794918419993918,1,0,1,0,1,40,1,0,1,7,"Mangora",0
0,0.293169279278242,1,0,0,1,0,27,1,0,1,14,"Mangora",1
1,0.797991567633998,1,1,1,1,1,42,1,1,1,6,"Mangora",1
0,0,0,0,0,1,0,25,1,0,1,4,"Mangora",1
1,0.794918419993918,1,0,1,0,0,27,0,0,1,10,"Mangora",0
1,0.495177711644244,1,0,0,0,0,47,1,0,1,12,"Mangora",0
0,0,0,0,0,1,0,25,1,0,1,7,"Mangora",1
1,1,1,1,1,0,0,28,1,0,0,10,"Mangora",0
0,0,0,0,0,1,0,40,1,0,1,9,"Mangora",1
1,0,0,0,0,1,0,61,1,0,0,18,"Mangora",0
1,0.202008432366002,0,0,0,0,0,31,1,0,0,8,"Mangora",0
0,0,0,0,0,1,0,40,1,0,0,7,"Mangora",0
0,0,0,0,0,1,1,25,1,0,0,15,"Mangora",1
0,0.293169279278242,1,0,0,1,0,18,0,0,1,11,"Mangora",1
0,0.202008432366002,0,0,0,0,1,73,1,0,1,4,"Mangora",1
0,0,0,0,0,1,0,25,1,0,0,7,"Mangroa",1
0,0,0,0,0,1,1,37,1,0,1,30,"Manjar",1
1,0.205081580006082,0,1,0,1,0,37,0,0,0,5,"Mardaf",0
1,0,0,0,0,1,0,30,1,0,1,4,"Marmata",0
0,0.202008432366002,0,0,0,0,1,25,0,0,1,3,"Marmro",1
0,0,0,0,0,1,1,22,0,0,1,9,"Matereh",0
0,0,0,0,0,1,1,28,1,0,1,7,"Matjar",1
0,0,0,0,0,1,1,35,1,0,1,2,"Madeina",1
1,0.205081580006082,0,1,0,1,0,20,1,0,1,7,"Mieramta",1
1,0.797991567633998,1,1,1,1,1,46,1,0,1,13,"Miary",1
1,0.202008432366002,0,0,0,0,0,36,1,0,1,5,"Miermier",0
1,0.202008432366002,0,0,0,0,1,51,1,0,1,15,"Mila",0
1,0.293169279278242,1,0,0,1,0,26,1,1,0,10,"Mieramta",0
1,1,1,1,1,0,0,40,1,0,0,8,"Mirna",0
0,0,0,0,0,1,0,22,1,0,1,5,"Misky",1
1,0.202008432366002,0,0,0,0,0,30,0,0,0,7,"Misteri",1
1,0.202008432366002,0,0,0,0,1,39,1,0,1,6,"Misteri",0
1,0.202008432366002,0,0,0,0,0,46,1,0,1,5,"Misteri",0
0,0,0,0,0,1,0,45,1,0,0,4,"Misteri",1
1,0,0,0,0,1,0,27,0,0,1,5,"Misteri",0
1,0,0,0,0,1,0,20,1,0,1,14,"Misteri",1
1,0.202008432366002,0,0,0,0,0,70,1,0,0,14,"Misteri",0
1,0.794918419993918,1,0,1,0,1,48,1,0,0,9,"Misteri",0
1,0.495177711644244,1,0,0,0,0,40,1,0,1,3,"Misteri",0
1,0.202008432366002,0,0,0,0,0,34,1,0,0,4,"Misteri",0
1,0.794918419993918,1,0,1,0,1,18,0,0,1,6,"Misteri",0
0,0.293169279278242,1,0,0,1,1,45,1,0,1,13,"Misteri",0
0,0,0,0,0,1,0,65,1,1,1,5,"Misteri",1
1,0,0,0,0,1,0,36,1,0,1,6,"Misteri",0
0,0.299740708349675,0,0,1,1,0,23,1,0,1,7,"Misteri",0
1,0,0,0,0,1,0,21,1,0,1,6,"Misteri",1
0,0,0,0,0,1,0,19,1,0,1,9,"Misteri",1
1,0.293169279278242,1,0,0,1,1,31,1,0,1,3,"Misteri",0
1,0.202008432366002,0,0,0,0,1,40,1,0,0,6,"Misteri",0
0,0.407090012372083,0,1,0,0,0,35,1,0,0,9,"Misteri",1
1,1,1,1,1,0,0,40,1,0,1,3,"Misteri",0
0,0,0,0,0,1,0,22,1,0,0,8,"Misteri",1
1,0.202008432366002,0,0,0,0,0,32,1,0,0,5,"Misteri",1
1,0.495177711644244,1,0,0,0,0,55,1,0,0,7,"Misteri",0
0,0,0,0,0,1,1,27,1,0,1,8,"Misteri",0
0,0,0,0,0,1,0,20,1,0,1,7,"Misteri",1
1,0.202008432366002,0,0,0,0,1,24,1,0,1,6,"Misteri",0
0,1,1,1,1,0,1,20,1,0,1,8,"Misteri",1
1,0,0,0,0,1,0,20,1,1,0,4,"Misteri",1
0,0.797991567633998,1,1,1,1,1,24,1,0,1,8,"Misteri",1
0,0.495177711644244,1,0,0,0,0,28,1,0,1,9,"Misteri",0
1,0.495177711644244,1,0,0,0,0,25,1,0,1,12,"Misteri",0
0,0,0,0,0,1,1,22,0,0,1,8,"Misteri",1
1,0.504822288355756,0,1,1,1,1,33,1,0,1,7,"Misteri",1
1,0.495177711644244,1,0,0,0,0,42,1,0,0,9,"Misteri",0
0,0.299740708349675,0,0,1,1,1,30,1,0,1,11,"Misteri",1
1,0.794918419993918,1,0,1,0,1,21,0,0,1,5,"Misteri",0
0,1,1,1,1,0,1,20,1,0,0,7,"Misteri",0
0,0.495177711644244,1,0,0,0,0,33,1,0,1,5,"Misteri",0
0,0,0,0,0,1,0,40,1,0,0,5,"Misteri",1
1,0,0,0,0,1,0,45,1,0,1,4,"Misteri",1
1,1,1,1,1,0,1,35,1,0,1,9,"Misteri",1
0,0,0,0,0,1,0,36,1,0,1,6,"Misteri",1
1,0.501749140715677,0,0,1,0,0,25,1,0,1,10,"Misteri",0
0,1,1,1,1,0,0,25,1,0,1,3,"Misteri",1
0,0,0,0,0,1,0,20,0,0,1,8,"Misteri",0
0,1,1,1,1,0,0,25,0,0,1,13,"Mngao",0
1,1,1,1,1,0,1,20,1,1,1,7,"Mobroka",1
1,0,0,0,0,1,1,48,1,0,0,17,"Mogun",0
1,0,0,0,0,1,0,47,1,0,1,16,"Mokjar",0
1,0.501749140715677,0,0,1,0,1,36,1,0,0,4,"Moma",0
0,0,0,0,0,1,1,45,1,0,1,5,"Mon mountain",1
1,0.205081580006082,0,1,0,1,1,22,0,0,0,6,"Monjar",0
1,0.592909987627917,1,0,1,1,0,70,1,0,0,8,"Morkai",0
0,0,0,0,0,1,1,26,1,0,1,5,"Morley",1
0,0.504822288355756,0,1,1,1,1,25,0,0,1,14,"Mornei",0
1,0.299740708349675,0,0,1,1,0,36,1,0,1,7,"Mornei",0
0,0,0,0,0,1,0,25,1,0,1,17,"Mornei",0
0,0,0,0,0,1,0,60,1,0,1,9,"Mornei",1
0,0,0,0,0,1,0,35,1,0,1,4,"Mornei",1
0,0,0,0,0,1,1,35,1,0,1,5,"Mornei",1
0,0.495177711644244,1,0,0,0,0,55,1,0,1,15,"Mornei",0
1,0.495177711644244,1,0,0,0,1,40,1,0,1,9,"Mornei",0
1,1,1,1,1,0,1,34,0,0,1,6,"Mornei",0
0,0.797991567633998,1,1,1,1,0,30,1,0,1,2,"Mornei",0
1,0.202008432366002,0,0,0,0,0,51,1,0,0,19,"Mornei",0
0,0,0,0,0,1,0,45,1,0,1,8,"Mornei",1
1,0.797991567633998,1,1,1,1,0,33,1,0,1,6,"Motofoka",0
0,0,0,0,0,1,0,80,1,0,0,13,"Mudaima",0
1,0,0,0,0,1,1,40,0,0,0,4,"Mujmaja",1
0,0.592909987627917,1,0,1,1,0,19,1,0,1,9,"Mutia",1
0,0.202008432366002,0,0,0,0,0,29,1,0,1,8,"Nagenbe",1
1,0,0,0,0,1,0,20,1,1,1,8,"Nagurma",1
0,0,0,0,0,1,1,35,1,0,0,3,"Najid Girgita",1
0,0.202008432366002,0,0,0,0,0,27,1,0,1,7,"Nareema",0
1,0.293169279278242,1,0,0,1,0,35,1,0,0,6,"Nirtati",0
1,0.293169279278242,1,0,0,1,0,27,1,0,1,9,"Nouaya",0
1,1,1,1,1,0,0,28,0,0,0,4,"Om Diring",0
1,0,0,0,0,1,1,23,1,1,0,7,"Om Dohkon",1
0,0.495177711644244,1,0,0,0,1,67,1,0,0,10,"Om Dohkon",0
0,0.202008432366002,0,0,0,0,0,19,0,0,1,10,"Om Dokhon",1
1,0.797991567633998,1,1,1,1,1,37,1,0,1,4,"Om Dokhon",0
0,0.495177711644244,1,0,0,0,0,40,1,0,0,6,"Om Dokhon",1
1,0,0,0,0,1,1,65,1,0,0,10,"Om Dokhon",0
1,0,0,0,0,1,0,40,1,0,0,12,"Om Dorabero",1
0,0,0,0,0,1,0,35,1,1,1,4,"Om Dorabero",1
0,1,1,1,1,0,1,80,1,0,0,10,"Om Dorabero",0
1,0.202008432366002,0,0,0,0,1,45,1,1,1,6,"Om Drisai",0
1,0.794918419993918,1,0,1,0,1,38,1,0,0,3,"Om Drisai",0
0,0,0,0,0,1,0,66,1,0,1,18,"Om Gesha",0
1,0.794918419993918,1,0,1,0,0,29,1,0,1,4,"Om Kharuba",0
1,0.202008432366002,0,0,0,0,1,51,1,1,1,13,"Om Kharuba",0
0,1,1,1,1,0,0,30,1,0,1,7,"Om Kharuba",0
0,0.797991567633998,1,1,1,1,1,26,0,0,1,20,"Orshi Dam",0
0,0,0,0,0,1,1,35,1,0,0,5,"Orum",1
1,0.794918419993918,1,0,1,0,1,39,1,0,1,6,"Orum",0
0,0,0,0,0,1,1,27,1,0,0,6,"Osore",1
1,0.293169279278242,1,0,0,1,1,42,1,1,0,10,"Oshishi",0
0,0,0,0,0,1,0,25,1,1,1,7,"Osore",1
0,1,1,1,1,0,1,43,1,0,0,13,"Osore",0
1,0,0,0,0,1,0,60,1,0,0,6,"Ostani",0
1,0,0,0,0,1,0,55,1,0,0,18,"Ostani",0
1,0.293169279278242,1,0,0,1,1,39,1,1,0,5,"Oyor",0
1,0.797991567633998,1,1,1,1,1,32,0,0,1,10,"Qarbar",0
0,0.293169279278242,1,0,0,1,0,54,1,0,0,8,"Qarbar",0
0,0.202008432366002,0,0,0,0,0,38,0,0,0,24,"Qookus",1
1,1,1,1,1,0,1,47,1,0,1,17,"Rafeda",0
0,0.293169279278242,1,0,0,1,0,40,1,0,1,7,"Rahad Katraya",0
1,0,0,0,0,1,1,40,1,0,1,9,"Rakasia",0
1,0.706830720721758,0,1,1,0,1,29,1,1,1,2,"Ramakaya",0
1,0,0,0,0,1,0,22,1,1,1,4,"Ras Feel",1
0,0,0,0,0,1,0,40,1,0,0,9,"Ras Tor",1
0,0.299740708349675,0,0,1,1,0,60,1,1,1,8,"Rayu Ghanam",0
0,0,0,0,0,1,0,32,1,0,1,4,"Rofida",0
0,0.293169279278242,1,0,0,1,0,57,1,0,0,9,"Sabaa",0
0,0.202008432366002,0,0,0,0,0,43,1,0,1,10,"Sabarna",0
0,0,0,0,0,1,1,26,1,1,1,6,"Sadiga",1
0,0,0,0,0,1,0,27,1,0,1,7,"Saki",1
1,0.202008432366002,0,0,0,0,0,49,1,0,0,7,"Sakundje",0
0,0.293169279278242,1,0,0,1,0,35,1,0,1,9,"Sakutagee",0
0,0,0,0,0,1,0,35,1,0,1,8,"Salbe",1
0,0.293169279278242,1,0,0,1,0,57,1,0,1,13,"Saldi",0
0,0.293169279278242,1,0,0,1,1,35,1,0,0,10,"Silea",1
0,0.202008432366002,0,0,0,0,1,23,1,0,1,7,"Sandokdo",0
1,0.202008432366002,0,0,0,0,0,38,1,0,1,15,"Sarb",1
0,0,0,0,0,1,1,35,1,0,0,7,"Sari",1
1,1,1,1,1,0,1,27,1,0,0,3,"Saritia",0
0,0.202008432366002,0,0,0,0,0,20,1,0,1,7,"Sawni",0
0,0,0,0,0,1,0,59,1,1,1,10,"Sawya",1
1,0.299740708349675,0,0,1,1,0,25,1,0,1,7,"Seened",1
0,0.797991567633998,1,1,1,1,1,28,1,0,1,8,"Seesee",0
0,1,1,1,1,0,0,31,1,0,1,11,"Seline",0
1,0.299740708349675,0,0,1,1,0,19,1,0,1,12,"Sirba",0
1,0.592909987627917,1,0,1,1,0,57,1,0,1,14,"Sirba",0
1,0,0,0,0,1,0,38,1,1,1,4,"Sirba",0
1,0,0,0,0,1,1,22,1,1,1,2,"Sirba",1
0,0,0,0,0,1,0,37,0,0,0,6,"Sirba",0
1,0.794918419993918,1,0,1,0,1,32,1,1,1,3,"Sereha",0
1,0,0,0,0,1,0,90,1,0,0,5,"Shagiya",0
1,0.794918419993918,1,0,1,0,1,45,1,0,1,10,"Shajar",1
0,1,1,1,1,0,0,37,1,0,0,7,"Shajar",0
0,1,1,1,1,0,1,55,1,0,0,12,"Shajar",0
1,0,0,0,0,1,0,48,1,0,0,16,"Shalal",0
1,0,0,0,0,1,0,34,1,0,0,3,"Shalal",0
1,0,0,0,0,1,0,27,1,0,1,2,"Shetia",0
1,0,0,0,0,1,0,23,1,0,0,6,"Shetia",1
0,0,0,0,0,1,1,55,1,0,1,9,"Shilga",0
0,0.202008432366002,0,0,0,0,0,30,1,0,1,3,"Shoshte",1
1,0.202008432366002,0,0,0,0,1,26,1,0,1,10,"Shoshte",0
0,0.797991567633998,1,1,1,1,0,29,1,1,1,5,"Shoshte",1
0,0,0,0,0,1,0,20,1,0,1,5,"Shoshte",1
1,0,0,0,0,1,0,35,1,0,0,7,"Silba",0
0,0,0,0,0,1,1,68,1,0,1,14,"Silba",1
0,0,0,0,0,1,1,18,0,0,1,5,"Sildee",1
0,0,0,0,0,1,1,25,1,0,1,8,"Silea",1
1,0,0,0,0,1,1,20,1,1,1,14,"Silea",0
0,0,0,0,0,1,1,59,1,0,1,14,"Silea",0
1,0,0,0,0,1,0,25,1,0,1,4,"Silea",0
1,0,0,0,0,1,1,30,1,1,1,4,"Silea",1
0,0,0,0,0,1,1,24,0,0,1,9,"Silea",1
0,0,0,0,0,1,0,69,1,0,0,15,"Silea",0
1,0.592909987627917,1,0,1,1,1,30,1,0,1,5,"Silea",0
0,0.797991567633998,1,1,1,1,1,37,1,0,1,10,"Silea",0
0,1,1,1,1,0,1,22,0,0,1,9,"Silea",1
0,0.592909987627917,1,0,1,1,0,18,0,0,1,8,"Silea",1
0,0.299740708349675,0,0,1,1,0,29,1,0,0,9,"Silea",1
0,0,0,0,0,1,1,18,1,0,1,6,"Silea",1
1,0.293169279278242,1,0,0,1,1,28,1,0,1,20,"Silea",0
0,0.202008432366002,0,0,0,0,1,67,1,0,0,9,"Silea",0
0,0,0,0,0,1,1,25,1,0,1,12,"Silea",1
1,0,0,0,0,1,0,80,1,0,1,9,"Silea",0
0,0,0,0,0,1,0,78,1,0,1,18,"Silea",0
0,0.202008432366002,0,0,0,0,1,22,1,0,1,9,"Silea",0
1,0,0,0,0,1,0,58,1,0,1,18,"Silea",0
0,0,0,0,0,1,1,23,1,0,0,12,"Silea",1
1,0,0,0,0,1,1,35,1,1,1,9,"Silea",1
0,0,0,0,0,1,1,30,1,0,0,4,"Silea",1
0,0.202008432366002,0,0,0,0,1,27,1,0,1,10,"Silea",0
1,0,0,0,0,1,0,18,0,0,1,7,"Silea",1
1,0,0,0,0,1,0,46,1,0,0,13,"Silea",0
0,0,0,0,0,1,0,23,1,0,1,14,"Silea",1
0,0,0,0,0,1,1,50,1,0,1,38,"Silea",1
0,0,0,0,0,1,0,26,1,0,0,6,"Silea",1
0,0,0,0,0,1,1,23,1,0,1,4,"Silea",1
1,0,0,0,0,1,0,39,1,0,1,5,"Silea",0
0,0,0,0,0,1,0,23,0,0,1,9,"Silea",1
0,0,0,0,0,1,1,25,1,0,0,5,"Silea",1
1,0.794918419993918,1,0,1,0,1,20,0,0,1,10,"Silea",0
1,0.293169279278242,1,0,0,1,1,37,1,1,1,15,"Silea",0
0,0.794918419993918,1,0,1,0,0,25,1,1,0,8,"Silea",1
1,0.592909987627917,1,0,1,1,0,33,1,0,1,6,"Silea",0
0,0,0,0,0,1,1,25,1,0,1,8,"Silea",1
1,0,0,0,0,1,0,27,0,0,0,7,"Silea",0
1,0.592909987627917,1,0,1,1,1,46,1,1,0,14,"Silea",0
0,1,1,1,1,0,0,42,1,0,0,11,"Silea",0
0,0,0,0,0,1,1,19,0,0,0,12,"Silea",0
1,0,0,0,0,1,1,61,1,0,0,11,"Silea",0
0,0,0,0,0,1,1,22,1,0,1,15,"Silea",1
0,0,0,0,0,1,0,33,1,0,1,9,"Silea",0
0,0,0,0,0,1,1,30,1,0,1,4,"Silea",1
0,0.592909987627917,1,0,1,1,0,38,0,0,1,16,"Silea",0
1,0,0,0,0,1,1,40,1,0,1,40,"Silea",1
0,0,0,0,0,1,1,21,1,0,1,8,"Silea",1
0,0.202008432366002,0,0,0,0,1,27,1,0,1,6,"Silea",1
0,1,1,1,1,0,1,35,1,0,1,5,"Silea",0
0,0.202008432366002,0,0,0,0,0,37,1,0,1,5,"Silea",1
0,0,0,0,0,1,0,18,1,0,1,10,"Silea",1
0,0,0,0,0,1,0,20,1,0,1,10,"Silea",1
1,0,0,0,0,1,0,33,1,1,1,4,"Silea",0
1,0,0,0,0,1,0,36,1,0,0,7,"Silea",0
0,0.293169279278242,1,0,0,1,0,40,1,0,0,5,"Silea",0
1,0.202008432366002,0,0,0,0,0,45,1,0,0,18,"Simk Kidik",0
0,0.202008432366002,0,0,0,0,0,54,1,0,1,11,"Sir",0
1,0.700259291650325,1,1,0,0,0,49,1,0,1,7,"Sir Khala",1
1,0.293169279278242,1,0,0,1,1,30,1,1,0,6,"Sirba",0
1,0.592909987627917,1,0,1,1,1,40,1,1,1,7,"Sirba",0
0,0,0,0,0,1,1,37,1,0,1,5,"Sirba",1
0,0,0,0,0,1,0,19,1,1,1,9,"Sirba",1
0,0,0,0,0,1,0,40,1,0,0,10,"Sirba",1
1,0,0,0,0,1,0,32,1,0,1,10,"Sirba",0
1,0.293169279278242,1,0,0,1,1,35,1,1,1,8,"Sirba",0
0,0.293169279278242,1,0,0,1,0,20,0,0,1,8,"Sirba",1
1,0.202008432366002,0,0,0,0,0,18,1,0,1,12,"Sirba",0
1,0.495177711644244,1,0,0,0,0,35,1,1,0,6,"Sirba",0
0,0,0,0,0,1,1,19,1,0,1,9,"Sirba",1
0,0.202008432366002,0,0,0,0,0,40,1,0,1,8,"Sirba",0
0,0,0,0,0,1,1,35,1,0,1,11,"Sirba",1
0,0,0,0,0,1,0,42,1,0,1,8,"Sirba",0
0,0,0,0,0,1,1,22,1,0,1,7,"Solobia",1
1,1,1,1,1,0,1,31,0,0,1,3,"Suwaney",0
1,0.797991567633998,1,1,1,1,1,44,1,0,1,7,"Tabaldia",0
1,0.299740708349675,0,0,1,1,1,22,0,0,1,11,"Tabaldia",0
0,0.202008432366002,0,0,0,0,1,36,1,0,1,8,"Tadkini",1
0,0,0,0,0,1,1,45,1,0,1,6,"Tagajru",1
1,0,0,0,0,1,1,33,1,0,0,20,"Tai Kanga",0
0,0,0,0,0,1,1,30,1,0,1,6,"Talga",1
0,0,0,0,0,1,0,25,0,1,0,10,"Tanga",0
0,0.495177711644244,1,0,0,0,0,18,1,0,1,12,"Tandosa",1
0,0,0,0,0,1,1,45,1,0,1,7,"Tandosa",1
0,0,0,0,0,1,0,48,1,0,1,9,"Tandosa",1
0,0,0,0,0,1,1,40,1,0,1,9,"Tandi Karo",1
0,0.797991567633998,1,1,1,1,0,18,0,0,1,6,"Tandosa",0
1,0.501749140715677,0,0,1,0,0,59,1,0,1,9,"Tandosa",0
0,0.202008432366002,0,0,0,0,0,40,1,0,0,9,"Tandosa",1
1,0.592909987627917,1,0,1,1,0,45,0,0,0,8,"Tandosa",0
1,0,0,0,0,1,1,50,1,0,0,7,"Tanga",1
0,0,0,0,0,1,1,25,1,0,1,10,"Tanga",1
0,0.202008432366002,0,0,0,0,0,33,1,0,1,3,"Tarbeba",0
1,0.592909987627917,1,0,1,1,0,50,1,0,0,7,"Tarbeba",0
1,0.794918419993918,1,0,1,0,0,56,1,0,0,15,"Tarbeba",0
1,0.592909987627917,1,0,1,1,0,33,0,0,0,6,"Tarbeba",0
1,0.592909987627917,1,0,1,1,0,33,1,0,1,7,"Tarbeba",0
0,0,0,0,0,1,1,69,1,0,1,23,"Tarbeba",0
0,0,0,0,0,1,1,22,1,0,1,8,"Tarbeba",1
0,0.202008432366002,0,0,0,0,0,20,1,0,1,5,"Tarbeba",1
1,0,0,0,0,1,0,25,1,0,1,6,"Tarbeba",1
1,0,0,0,0,1,1,37,0,0,0,6,"Tarbeba",0
1,0.495177711644244,1,0,0,0,1,48,1,0,1,4,"Tarbeba",0
0,0.202008432366002,0,0,0,0,1,25,1,0,1,4,"Tarbeba",1
0,0.293169279278242,1,0,0,1,0,33,1,0,1,5,"Tarbeba",0
0,0.205081580006082,0,1,0,1,0,35,1,0,0,5,"Tarbeba",0
0,0,0,0,0,1,0,40,1,1,0,7,"Tarbeba",1
1,0.495177711644244,1,0,0,0,1,32,1,0,0,2,"Tarbeba",0
1,0,0,0,0,1,0,65,1,1,0,5,"Tarbeba",1
0,0.202008432366002,0,0,0,0,1,22,1,0,1,4,"Tarbeba",1
0,0,0,0,0,1,0,35,1,0,0,9,"Tarbeba",1
1,0.293169279278242,1,0,0,1,0,26,1,0,1,5,"Tarbeba",1
0,0,0,0,0,1,0,30,1,0,1,4,"Tarbeba",1
0,0.797991567633998,1,1,1,1,0,48,1,0,0,10,"Tarbeba",0
0,0.293169279278242,1,0,0,1,1,35,1,0,1,5,"Tarbeba",1
1,0,0,0,0,1,1,25,1,0,1,8,"Tarbeba",1
0,0.202008432366002,0,0,0,0,0,45,1,0,1,6,"Tarbeba",1
0,0.495177711644244,1,0,0,0,0,30,1,0,0,4,"Tarbeba",0
0,0,0,0,0,1,0,26,1,0,1,6,"Targata",1
0,0,0,0,0,1,1,29,1,0,1,6,"Tarlabeet",1
0,0,0,0,0,1,0,20,1,0,1,8,"Tarlety",1
0,0.293169279278242,1,0,0,1,1,25,1,0,1,8,"Teberia",1
1,0.501749140715677,0,0,1,0,0,36,1,0,1,4,"Tere",0
1,0,0,0,0,1,0,52,1,0,0,7,"Terti",0
1,0.706830720721758,0,1,1,0,1,28,1,1,1,9,"Tina",0
1,1,1,1,1,0,0,65,0,0,0,17,"Tina",0
1,0,0,0,0,1,1,35,1,1,1,6,"Tina",1
0,0,0,0,0,1,0,25,1,0,1,10,"Tina",1
0,0.202008432366002,0,0,0,0,0,18,0,0,1,9,"Tina",1
0,0.202008432366002,0,0,0,0,0,39,1,1,1,9,"Tina",1
0,0.202008432366002,0,0,0,0,0,19,0,0,1,5,"Tina",1
0,0,0,0,0,1,0,32,1,0,0,6,"Tina",1
0,0.293169279278242,1,0,0,1,0,20,1,0,1,11,"Tina",0
0,0.202008432366002,0,0,0,0,0,25,1,0,1,20,"Tina",1
0,0.202008432366002,0,0,0,0,0,25,1,0,1,40,"Tina",1
0,0,0,0,0,1,0,27,0,0,0,12,"Tina",1
0,1,1,1,1,0,1,35,1,1,0,5,"Tina",1
1,0,0,0,0,1,0,25,0,0,0,22,"Tina",1
0,0.202008432366002,0,0,0,0,0,30,0,0,1,10,"Tina",1
0,0.794918419993918,1,0,1,0,1,51,1,1,1,9,"Tina",1
0,0,0,0,0,1,0,45,1,0,1,8,"Tina",1
1,1,1,1,1,0,1,45,1,1,0,6,"Tina",0
1,0.202008432366002,0,0,0,0,0,20,0,0,1,12,"Tina",1
1,0.498250859284323,1,1,0,1,0,48,1,1,1,13,"Tina",0
0,0.202008432366002,0,0,0,0,0,20,0,0,1,10,"Tina",1
1,0,0,0,0,1,1,32,1,0,0,9,"Tindosia",1
0,0.202008432366002,0,0,0,0,0,60,1,0,1,8,"Tindosia",1
0,0,0,0,0,1,0,35,1,0,1,7,"Tina",1
1,1,1,1,1,0,1,53,1,1,0,8,"Tina",0
1,0.592909987627917,1,0,1,1,0,65,0,0,1,5,"Tinko",0
1,1,1,1,1,0,1,38,1,0,1,8,"Todobay",0
0,0,0,0,0,1,0,35,1,0,0,5,"Todobay",1
0,0,0,0,0,1,0,19,0,0,1,21,"Todusa",1
0,0,0,0,0,1,1,34,1,1,1,7,"Tolos",1
1,1,1,1,1,0,1,24,0,0,0,19,"Tolos",0
0,0,0,0,0,1,1,21,1,0,1,10,"Tolos",1
1,0,0,0,0,1,1,37,1,0,1,7,"Tolos",0
1,0.293169279278242,1,0,0,1,1,24,1,0,1,8,"Tolos",1
0,0.504822288355756,0,1,1,1,0,24,1,0,0,3,"Tolos",1
0,0,0,0,0,1,0,19,1,0,1,5,"Tolos",0
1,0,0,0,0,1,1,25,1,1,1,3,"Tolos",1
1,0.501749140715677,0,0,1,0,1,20,1,0,1,6,"Tolos",1
1,0.495177711644244,1,0,0,0,1,68,1,0,1,12,"Tondobay",0
1,0.794918419993918,1,0,1,0,1,35,1,0,1,3,"Tondobay",0
1,0,0,0,0,1,1,27,1,0,0,7,"Tonogo",1
1,1,1,1,1,0,1,40,0,0,1,7,"Tor Hilla Bardi",1
0,1,1,1,1,0,1,34,0,0,0,9,"Torgono",0
1,0.205081580006082,0,1,0,1,1,26,1,0,1,12,"Tribaba",1
0,0,0,0,0,1,1,20,1,1,1,3,"Tukul Tukul",1
1,0,0,0,0,1,1,23,1,0,1,8,"Tukul Tukul",0
0,0,0,0,0,1,1,42,1,0,0,8,"Tukul Tukul",1
0,0.202008432366002,0,0,0,0,1,24,0,0,1,2,"Tumbuka",0
0,0,0,0,0,1,0,62,1,0,0,5,"Tundobaya",0
1,0.293169279278242,1,0,0,1,0,19,1,0,1,12,"Tundosa",0
1,0.706830720721758,0,1,1,0,1,34,0,0,0,6,"Tunuko",0
0,0,0,0,0,1,0,29,1,0,1,8,"Tweng",0
0,0,0,0,0,1,1,27,1,0,1,7,"Um Aruba",1
1,1,1,1,1,0,0,26,0,0,1,15,"Um Baro",1
1,0.501749140715677,0,0,1,0,1,56,1,0,0,16,"Um Baro",0
0,0,0,0,0,1,1,35,1,0,0,19,"Um Baro",1
1,0,0,0,0,1,0,35,1,1,1,4,"Um Baro",0
1,0,0,0,0,1,1,45,1,0,1,9,"Um Baro",0
0,0.202008432366002,0,0,0,0,0,39,0,0,1,6,"Um Baro",0
0,0,0,0,0,1,0,23,1,0,1,10,"Um Baro",0
1,0.202008432366002,0,0,0,0,1,26,1,0,0,9,"Um Baro",0
1,0.202008432366002,0,0,0,0,1,37,1,0,0,5,"Um Baro",0
0,0.293169279278242,1,0,0,1,1,40,1,0,0,10,"Um Baro",1
0,0,0,0,0,1,0,27,0,0,1,9,"Um Baro",1
1,0.501749140715677,0,0,1,0,0,37,0,0,0,2,"Um Baro",0
0,0.293169279278242,1,0,0,1,1,24,1,1,1,5,"Um Baro",1
1,0.592909987627917,1,0,1,1,1,19,1,1,1,11,"Um Baro",0
0,0.202008432366002,0,0,0,0,0,27,1,1,1,8,"Um Baro",1
1,0,0,0,0,1,0,50,1,0,1,26,"Um Baro",0
0,0,0,0,0,1,0,45,1,0,0,5,"Um Baro",1
1,0.293169279278242,1,0,0,1,0,40,1,1,0,12,"Um Baro",0
0,0.293169279278242,1,0,0,1,0,45,1,0,0,10,"Um Baro",1
0,1,1,1,1,0,0,40,1,0,1,2,"Um Chouch",0
1,0.202008432366002,0,0,0,0,1,27,1,0,0,4,"Um Darabairu",0
1,0.202008432366002,0,0,0,0,1,51,1,0,0,5,"Um Darabiru",1
1,0,0,0,0,1,0,33,1,0,1,8,"Um Deriwa",0
0,0,0,0,0,1,0,27,1,0,1,5,"Um Deriwa",1
1,0.299740708349675,0,0,1,1,0,36,0,0,1,8,"Um Dorbiro",0
1,0.794918419993918,1,0,1,0,1,47,1,0,0,10,"Um Drisa",0
0,0,0,0,0,1,0,20,1,1,1,5,"Um Gabeera",1
0,1,1,1,1,0,1,27,0,0,1,8,"Um Haruba",0
0,0.794918419993918,1,0,1,0,1,31,1,0,1,3,"Um Horoba",0
0,0.202008432366002,0,0,0,0,0,32,1,0,1,16,"Um Kharouba",1
0,0.504822288355756,0,1,1,1,0,30,1,0,1,4,"Um Kheir",1
1,0.495177711644244,1,0,0,0,0,38,1,0,0,8,"Um Kheir",0
1,0,0,0,0,1,1,18,1,0,1,7,"Um Kheir",0
0,0.794918419993918,1,0,1,0,1,34,0,0,1,7,"Um Kheir",0
0,0,0,0,0,1,0,35,1,0,1,3,"Um Kheir",1
0,0.293169279278242,1,0,0,1,1,23,1,0,1,15,"Um Kheir",1
0,1,1,1,1,0,1,37,1,0,1,8,"Um Kheir",1
1,0,0,0,0,1,1,80,1,0,1,9,"Um Kheir",1
1,0.202008432366002,0,0,0,0,0,26,1,0,0,7,"Um Khorba",0
0,0.794918419993918,1,0,1,0,0,25,1,0,1,9,"Um Majara",1
1,0,0,0,0,1,1,35,1,0,1,6,"Um Roam",1
1,0.202008432366002,0,0,0,0,1,18,1,0,0,5,"Um Shegera",1
1,1,1,1,1,0,0,84,0,0,1,5,"Um Yuuyra",0
0,0.495177711644244,1,0,0,0,0,35,1,0,1,6,"Urdee",0
1,0,0,0,0,1,0,25,1,0,1,4,"Urum",1
0,0.797991567633998,1,1,1,1,0,72,1,0,0,14,"Urum",0
0,0,0,0,0,1,1,75,1,0,0,20,"Usri",0
0,0.202008432366002,0,0,0,0,0,27,1,0,1,8,"Ustani",0
0,1,1,1,1,0,0,35,1,0,0,5,"Varum",0
0,0.592909987627917,1,0,1,1,0,18,0,0,1,8,"Varum",0
0,0,0,0,0,1,0,38,1,0,1,7,"Wada Alnil",1
1,0.202008432366002,0,0,0,0,1,46,1,0,1,16,"Wadareeb",0
0,0.202008432366002,0,0,0,0,1,25,1,0,1,14,"Wadareeb",1
1,0,0,0,0,1,1,50,1,1,1,8,"Wadi Kaja",1
1,0.797991567633998,1,1,1,1,1,34,0,0,1,8,"Wadi Nyala",0
1,0.202008432366002,0,0,0,0,1,37,0,0,1,5,"Wadi Nyala",0
0,0,0,0,0,1,0,24,0,0,1,9,"Wadi Nyala",1
1,0,0,0,0,1,0,27,1,0,1,7,"Wadi Nyala",0
0,0.495177711644244,1,0,0,0,1,27,1,0,1,8,"Wadi Nyala",0
1,0.797991567633998,1,1,1,1,0,36,0,0,1,5,"Wadi Nyala",0
0,0,0,0,0,1,1,45,1,0,0,5,"Wadi Nyala",1
0,0.293169279278242,1,0,0,1,0,25,1,0,1,2,"Wadi Nyala",1
1,0,0,0,0,1,1,20,1,0,1,4,"Wadi Nyala",1
1,0,0,0,0,1,1,20,1,1,1,7,"Wadi Rati",1
0,0,0,0,0,1,1,41,1,0,0,6,"Wadi Salih",0
0,0,0,0,0,1,1,25,0,0,1,19,"Wadi Salih",1
0,0.299740708349675,0,0,1,1,0,26,1,0,0,16,"Wadi Salih",1
1,0,0,0,0,1,1,35,1,1,0,14,"Waimana",1
0,0,0,0,0,1,0,19,1,0,1,9,"Al Geneina",1
1,0,0,0,0,1,0,34,1,0,0,15,"West Jagama",0
1,0,0,0,0,1,0,75,1,0,0,7,"Wigo",0
1,0,0,0,0,1,1,40,1,0,0,7,"Yahya",0
0,0.501749140715677,0,0,1,0,1,38,1,0,1,10,"Yuru",0
0,0.202008432366002,0,0,0,0,0,39,1,0,0,8,"Zalingi",0
0,0,0,0,0,1,1,38,1,0,1,6,"Zalingi",1
1,0.797991567633998,1,1,1,1,0,35,0,0,1,5,"the eastern quarter",0
